word,meaning,phonetic,example
accomplish,v. 完成；实现,/əˈkʌmplɪʃ/,We can accomplish this goal together.
adapt,v. 适应；调整,/əˈdæpt/,It takes time to adapt to a new routine.
concentrate,v. 集中注意力,/ˈkɒnsəntreɪt/,I find it easier to concentrate in a quiet room.
efficient,adj. 高效的,/ɪˈfɪʃənt/,"A clear plan saves time, making our work more efficient."
essential,adj. 必不可少的；本质的,/ɪˈsenʃəl/,Regular practice is essential for improvement.
maintain,v. 维持；保养,/meɪnˈteɪn/,Try to maintain a healthy balance between work and rest.
opportunity,n. 机会；时机,/ˌɒpəˈtjuːnəti/,Every conversation is an opportunity to learn.
persistent,adj. 坚持不懈的；持续的,/pəˈsɪstənt/,Her persistent efforts finally paid off.
priority,n. 优先事项；优先权,,Sleep should be a priority during a busy week.
reflect,v. 反思；反映,/rɪˈflekt/,Take a moment to reflect on what you learned today.
Adapt,v. 适应；调整,/əˈdæpt/,This duplicate should not create a second card.
EFFICIENT,adj. 高效的,/ɪˈfɪʃənt/,This duplicate should not replace the original example.
