word,paper_count,total_papers,occurrences,session_count,total_sessions
author,5,5,35,5,5
research,5,5,34,5,5
paragraph,5,5,33,5,5
public,5,5,25,5,5
used,5,5,21,5,5
accord,5,5,20,5,5
climate,5,5,20,5,5
include,5,5,20,5,5
provide,5,5,18,5,5
local,5,5,17,5,5
publish,5,5,17,5,5
role,5,5,16,5,5
less,5,5,15,5,5
control,5,5,14,5,5
lead,5,5,14,5,5
reduce,5,5,14,5,5
being,5,5,13,5,5
social,5,5,13,5,5
support,5,5,13,5,5
act,5,5,12,5,5
part,5,5,12,5,5
require,5,5,12,5,5
result,5,5,12,5,5
value,5,5,12,5,5
lose,5,5,11,5,5
culture,5,5,10,5,5
national,5,5,10,5,5
point,5,5,10,5,5
demand,5,5,9,5,5
effort,5,5,9,5,5
impact,5,5,9,5,5
issue,5,5,9,5,5
likely,5,5,9,5,5
reach,5,5,9,5,5
represent,5,5,9,5,5
share,5,5,9,5,5
compare,5,5,8,5,5
later,5,5,8,5,5
learned,5,5,8,5,5
reveal,5,5,8,5,5
benefit,5,5,7,5,5
potential,5,5,7,5,5
introduce,5,5,6,5,5
essential,5,5,5,5,5
variety,5,5,5,5,5
artist,4,5,26,4,5
technology,4,5,24,4,5
art,4,5,21,4,5
digital,4,5,20,4,5
journal,4,5,20,4,5
history,4,5,19,4,5
scientific,4,5,19,4,5
business,4,5,18,4,5
education,4,5,18,4,5
data,4,5,15,4,5
energy,4,5,15,4,5
found,4,5,14,4,5
nature,4,5,14,4,5
preserve,4,5,14,4,5
human,4,5,13,4,5
image,4,5,13,4,5
improve,4,5,13,4,5
consider,4,5,12,4,5
create,4,5,12,4,5
display,4,5,12,4,5
experience,4,5,12,4,5
industry,4,5,12,4,5
might,4,5,11,4,5
natural,4,5,11,4,5
produce,4,5,11,4,5
protect,4,5,11,4,5
focus,4,5,10,4,5
following,4,5,10,4,5
interest,4,5,10,4,5
law,4,5,10,4,5
challenge,4,5,9,4,5
happen,4,5,9,4,5
innovation,4,5,9,4,5
means,4,5,9,4,5
original,4,5,9,4,5
record,4,5,9,4,5
team,4,5,9,4,5
understanding,4,5,9,4,5
university,4,5,9,4,5
war,4,5,9,4,5
against,4,5,8,4,5
aim,4,5,8,4,5
attract,4,5,8,4,5
finding,4,5,8,4,5
intelligence,4,5,8,4,5
power,4,5,8,4,5
recent,4,5,8,4,5
area,4,5,7,4,5
consequence,4,5,7,4,5
enhance,4,5,7,4,5
general,4,5,7,4,5
invention,4,5,7,4,5
material,4,5,7,4,5
recognize,4,5,7,4,5
although,4,5,6,4,5
approach,4,5,6,4,5
concern,4,5,6,4,5
despite,4,5,6,4,5
difference,4,5,6,4,5
explore,4,5,6,4,5
fact,4,5,6,4,5
habitat,4,5,6,4,5
infer,4,5,6,4,5
level,4,5,6,4,5
management,4,5,6,4,5
network,4,5,6,4,5
official,4,5,6,4,5
perhaps,4,5,6,4,5
popular,4,5,6,4,5
prevent,4,5,6,4,5
quality,4,5,6,4,5
rely,4,5,6,4,5
search,4,5,6,4,5
series,4,5,6,4,5
significant,4,5,6,4,5
struggle,4,5,6,4,5
therefore,4,5,6,4,5
advance,4,5,5,4,5
application,4,5,5,4,5
chemical,4,5,5,4,5
collect,4,5,5,4,5
competition,4,5,5,4,5
connect,4,5,5,4,5
course,4,5,5,4,5
describe,4,5,5,4,5
fight,4,5,5,4,5
international,4,5,5,4,5
knowledge,4,5,5,4,5
line,4,5,5,4,5
outcome,4,5,5,4,5
possibility,4,5,5,4,5
pressure,4,5,5,4,5
previous,4,5,5,4,5
provided,4,5,5,4,5
recall,4,5,5,4,5
training,4,5,5,4,5
underestimate,4,5,5,4,5
action,4,5,4,4,5
artificial,4,5,4,4,5
attention,4,5,4,4,5
choice,4,5,4,4,5
connection,4,5,4,4,5
deal,4,5,4,4,5
deny,4,5,4,4,5
emerge,4,5,4,4,5
evidence,4,5,4,4,5
executive,4,5,4,4,5
heat,4,5,4,4,5
locate,4,5,4,4,5
replace,4,5,4,4,5
structure,4,5,4,4,5
tend,4,5,4,4,5
object,3,5,18,3,5
state,3,5,14,3,5
beauty,3,5,12,3,5
community,3,5,10,3,5
access,3,5,9,3,5
conservation,3,5,9,3,5
increase,3,5,9,3,5
offer,3,5,9,3,5
personal,3,5,9,3,5
writing,3,5,9,3,5
cause,3,5,8,3,5
identify,3,5,8,3,5
model,3,5,8,3,5
wild,3,5,8,3,5
audience,3,5,7,3,5
base,3,5,7,3,5
brain,3,5,7,3,5
capture,3,5,7,3,5
decade,3,5,7,3,5
decline,3,5,7,3,5
discover,3,5,7,3,5
historical,3,5,7,3,5
however,3,5,7,3,5
policy,3,5,7,3,5
project,3,5,7,3,5
reading,3,5,7,3,5
risk,3,5,7,3,5
seek,3,5,7,3,5
society,3,5,7,3,5
species,3,5,7,3,5
specific,3,5,7,3,5
statement,3,5,7,3,5
suffer,3,5,7,3,5
view,3,5,7,3,5
allow,3,5,6,3,5
authority,3,5,6,3,5
board,3,5,6,3,5
century,3,5,6,3,5
certain,3,5,6,3,5
communication,3,5,6,3,5
critical,3,5,6,3,5
environment,3,5,6,3,5
era,3,5,6,3,5
everyday,3,5,6,3,5
global,3,5,6,3,5
individual,3,5,6,3,5
message,3,5,6,3,5
planet,3,5,6,3,5
procedure,3,5,6,3,5
rather,3,5,6,3,5
reflect,3,5,6,3,5
requirement,3,5,6,3,5
rise,3,5,6,3,5
system,3,5,6,3,5
within,3,5,6,3,5
association,3,5,5,3,5
beyond,3,5,5,3,5
centre,3,5,5,3,5
current,3,5,5,3,5
decision,3,5,5,3,5
encourage,3,5,5,3,5
exhibit,3,5,5,3,5
importance,3,5,5,3,5
living,3,5,5,3,5
narrative,3,5,5,3,5
opinion,3,5,5,3,5
process,3,5,5,3,5
real,3,5,5,3,5
remove,3,5,5,3,5
respond,3,5,5,3,5
route,3,5,5,3,5
sense,3,5,5,3,5
southern,3,5,5,3,5
status,3,5,5,3,5
survey,3,5,5,3,5
add,3,5,4,3,5
advise,3,5,4,3,5
ancient,3,5,4,3,5
appeal,3,5,4,3,5
argue,3,5,4,3,5
besides,3,5,4,3,5
biology,3,5,4,3,5
choose,3,5,4,3,5
commission,3,5,4,3,5
contribute,3,5,4,3,5
convey,3,5,4,3,5
crucial,3,5,4,3,5
decrease,3,5,4,3,5
establish,3,5,4,3,5
exciting,3,5,4,3,5
experiment,3,5,4,3,5
expert,3,5,4,3,5
express,3,5,4,3,5
force,3,5,4,3,5
government,3,5,4,3,5
growth,3,5,4,3,5
illustrate,3,5,4,3,5
journey,3,5,4,3,5
lack,3,5,4,3,5
learning,3,5,4,3,5
limit,3,5,4,3,5
lower,3,5,4,3,5
main,3,5,4,3,5
multiple,3,5,4,3,5
ought,3,5,4,3,5
particular,3,5,4,3,5
predict,3,5,4,3,5
preference,3,5,4,3,5
promote,3,5,4,3,5
prove,3,5,4,3,5
range,3,5,4,3,5
recover,3,5,4,3,5
revenue,3,5,4,3,5
save,3,5,4,3,5
stress,3,5,4,3,5
term,3,5,4,3,5
throughout,3,5,4,3,5
title,3,5,4,3,5
unique,3,5,4,3,5
unless,3,5,4,3,5
volume,3,5,4,3,5
adapt,3,5,3,3,5
advanced,3,5,3,3,5
agency,3,5,3,3,5
analysis,3,5,3,3,5
attitude,3,5,3,3,5
available,3,5,3,3,5
balance,3,5,3,3,5
casual,3,5,3,3,5
comment,3,5,3,3,5
conclude,3,5,3,3,5
conflict,3,5,3,3,5
construction,3,5,3,3,5
contribution,3,5,3,3,5
curb,3,5,3,3,5
database,3,5,3,3,5
device,3,5,3,3,5
direct,3,5,3,3,5
discovery,3,5,3,3,5
due,3,5,3,3,5
effect,3,5,3,3,5
effective,3,5,3,3,5
eliminate,3,5,3,3,5
emphasize,3,5,3,3,5
engage,3,5,3,3,5
examine,3,5,3,3,5
explanation,3,5,3,3,5
expose,3,5,3,3,5
expression,3,5,3,3,5
generate,3,5,3,3,5
genuine,3,5,3,3,5
harm,3,5,3,3,5
heritage,3,5,3,3,5
huge,3,5,3,3,5
hunt,3,5,3,3,5
intend,3,5,3,3,5
least,3,5,3,3,5
link,3,5,3,3,5
loss,3,5,3,3,5
maintain,3,5,3,3,5
major,3,5,3,3,5
majority,3,5,3,3,5
measure,3,5,3,3,5
operate,3,5,3,3,5
period,3,5,3,3,5
poet,3,5,3,3,5
progress,3,5,3,3,5
reality,3,5,3,3,5
remains,3,5,3,3,5
select,3,5,3,3,5
setting,3,5,3,3,5
shift,3,5,3,3,5
shrink,3,5,3,3,5
spark,3,5,3,3,5
stimulate,3,5,3,3,5
successful,3,5,3,3,5
suitable,3,5,3,3,5
unlikely,3,5,3,3,5
useful,3,5,3,3,5
degree,2,5,18,2,5
museum,2,5,15,2,5
generation,2,5,12,2,5
stream,2,5,11,2,5
target,2,5,11,2,5
content,2,5,10,2,5
literacy,2,5,10,2,5
employer,2,5,9,2,5
production,2,5,9,2,5
bill,2,5,8,2,5
illegal,2,5,8,2,5
productivity,2,5,8,2,5
TV,2,5,8,2,5
article,2,5,7,2,5
bay,2,5,7,2,5
burn,2,5,7,2,5
career,2,5,7,2,5
tax,2,5,7,2,5
trade,2,5,7,2,5
cell,2,5,6,2,5
cite,2,5,6,2,5
copyright,2,5,6,2,5
forest,2,5,6,2,5
frame,2,5,6,2,5
further,2,5,6,2,5
increasingly,2,5,6,2,5
owner,2,5,6,2,5
prompt,2,5,6,2,5
purpose,2,5,6,2,5
staff,2,5,6,2,5
collection,2,5,5,2,5
complex,2,5,5,2,5
contrast,2,5,5,2,5
deliver,2,5,5,2,5
influence,2,5,5,2,5
ordinary,2,5,5,2,5
platform,2,5,5,2,5
provision,2,5,5,2,5
severe,2,5,5,2,5
shot,2,5,5,2,5
sign,2,5,5,2,5
supply,2,5,5,2,5
trace,2,5,5,2,5
valuable,2,5,5,2,5
visual,2,5,5,2,5
appropriate,2,5,4,2,5
attempt,2,5,4,2,5
belief,2,5,4,2,5
character,2,5,4,2,5
claim,2,5,4,2,5
damage,2,5,4,2,5
define,2,5,4,2,5
desire,2,5,4,2,5
director,2,5,4,2,5
handle,2,5,4,2,5
historian,2,5,4,2,5
legislation,2,5,4,2,5
list,2,5,4,2,5
literary,2,5,4,2,5
nearby,2,5,4,2,5
obtain,2,5,4,2,5
officer,2,5,4,2,5
operation,2,5,4,2,5
overall,2,5,4,2,5
region,2,5,4,2,5
regulate,2,5,4,2,5
remain,2,5,4,2,5
sculpture,2,5,4,2,5
signal,2,5,4,2,5
sophisticated,2,5,4,2,5
style,2,5,4,2,5
survive,2,5,4,2,5
track,2,5,4,2,5
type,2,5,4,2,5
ability,2,5,3,2,5
adopt,2,5,3,2,5
affect,2,5,3,2,5
alliance,2,5,3,2,5
amount,2,5,3,2,5
anyone,2,5,3,2,5
anywhere,2,5,3,2,5
battle,2,5,3,2,5
camera,2,5,3,2,5
cent,2,5,3,2,5
chance,2,5,3,2,5
collaborate,2,5,3,2,5
combine,2,5,3,2,5
common,2,5,3,2,5
complete,2,5,3,2,5
concept,2,5,3,2,5
congress,2,5,3,2,5
consensus,2,5,3,2,5
costly,2,5,3,2,5
dangerous,2,5,3,2,5
decent,2,5,3,2,5
definition,2,5,3,2,5
desert,2,5,3,2,5
dismiss,2,5,3,2,5
distribute,2,5,3,2,5
electricity,2,5,3,2,5
emotion,2,5,3,2,5
employ,2,5,3,2,5
encounter,2,5,3,2,5
enormous,2,5,3,2,5
ensure,2,5,3,2,5
entertainment,2,5,3,2,5
especially,2,5,3,2,5
exact,2,5,3,2,5
extend,2,5,3,2,5
feeling,2,5,3,2,5
fierce,2,5,3,2,5
filter,2,5,3,2,5
gain,2,5,3,2,5
globe,2,5,3,2,5
goal,2,5,3,2,5
imply,2,5,3,2,5
indeed,2,5,3,2,5
inspire,2,5,3,2,5
intensive,2,5,3,2,5
invest,2,5,3,2,5
iron,2,5,3,2,5
keen,2,5,3,2,5
largely,2,5,3,2,5
length,2,5,3,2,5
limited,2,5,3,2,5
mix,2,5,3,2,5
narrow,2,5,3,2,5
nation,2,5,3,2,5
opening,2,5,3,2,5
operator,2,5,3,2,5
opportunity,2,5,3,2,5
organization,2,5,3,2,5
painting,2,5,3,2,5
panel,2,5,3,2,5
peninsula,2,5,3,2,5
performance,2,5,3,2,5
perspective,2,5,3,2,5
physical,2,5,3,2,5
president,2,5,3,2,5
professor,2,5,3,2,5
profit,2,5,3,2,5
propose,2,5,3,2,5
rate,2,5,3,2,5
refuge,2,5,3,2,5
regulation,2,5,3,2,5
relationship,2,5,3,2,5
release,2,5,3,2,5
relevant,2,5,3,2,5
response,2,5,3,2,5
retire,2,5,3,2,5
scene,2,5,3,2,5
section,2,5,3,2,5
secure,2,5,3,2,5
sequence,2,5,3,2,5
solution,2,5,3,2,5
space,2,5,3,2,5
spread,2,5,3,2,5
stake,2,5,3,2,5
steal,2,5,3,2,5
success,2,5,3,2,5
task,2,5,3,2,5
thought,2,5,3,2,5
version,2,5,3,2,5
waste,2,5,3,2,5
academic,2,5,2,2,5
achieve,2,5,2,2,5
additional,2,5,2,2,5
address,2,5,2,2,5
advocate,2,5,2,2,5
aid,2,5,2,2,5
alter,2,5,2,2,5
alternative,2,5,2,2,5
ambition,2,5,2,2,5
anxiety,2,5,2,2,5
anyway,2,5,2,2,5
apart,2,5,2,2,5
apology,2,5,2,2,5
apparent,2,5,2,2,5
appear,2,5,2,2,5
arrange,2,5,2,2,5
artistic,2,5,2,2,5
aspect,2,5,2,2,5
assess,2,5,2,2,5
assign,2,5,2,2,5
assist,2,5,2,2,5
associate,2,5,2,2,5
assume,2,5,2,2,5
atmosphere,2,5,2,2,5
attach,2,5,2,2,5
attack,2,5,2,2,5
average,2,5,2,2,5
basis,2,5,2,2,5
bee,2,5,2,2,5
behavior,2,5,2,2,5
bench,2,5,2,2,5
beneficial,2,5,2,2,5
bias,2,5,2,2,5
birth,2,5,2,2,5
bomb,2,5,2,2,5
boost,2,5,2,2,5
boundary,2,5,2,2,5
broad,2,5,2,2,5
camp,2,5,2,2,5
cater,2,5,2,2,5
cautious,2,5,2,2,5
characteristic,2,5,2,2,5
chat,2,5,2,2,5
chief,2,5,2,2,5
circle,2,5,2,2,5
classify,2,5,2,2,5
coalition,2,5,2,2,5
command,2,5,2,2,5
comparison,2,5,2,2,5
comprise,2,5,2,2,5
concentrate,2,5,2,2,5
conduct,2,5,2,2,5
consolidate,2,5,2,2,5
contact,2,5,2,2,5
contain,2,5,2,2,5
conventional,2,5,2,2,5
count,2,5,2,2,5
crack,2,5,2,2,5
creative,2,5,2,2,5
crisis,2,5,2,2,5
criticism,2,5,2,2,5
crop,2,5,2,2,5
curriculum,2,5,2,2,5
danger,2,5,2,2,5
decorate,2,5,2,2,5
deficit,2,5,2,2,5
demonstrate,2,5,2,2,5
depend,2,5,2,2,5
depth,2,5,2,2,5
derive,2,5,2,2,5
detect,2,5,2,2,5
determine,2,5,2,2,5
differ,2,5,2,2,5
disguise,2,5,2,2,5
distant,2,5,2,2,5
distort,2,5,2,2,5
divide,2,5,2,2,5
doubt,2,5,2,2,5
economic,2,5,2,2,5
efficient,2,5,2,2,5
elsewhere,2,5,2,2,5
enable,2,5,2,2,5
entire,2,5,2,2,5
estimate,2,5,2,2,5
exist,2,5,2,2,5
expectation,2,5,2,2,5
explain,2,5,2,2,5
exploit,2,5,2,2,5
extensive,2,5,2,2,5
extra,2,5,2,2,5
facilitate,2,5,2,2,5
factor,2,5,2,2,5
fair,2,5,2,2,5
favorable,2,5,2,2,5
firm,2,5,2,2,5
flaw,2,5,2,2,5
formidable,2,5,2,2,5
foster,2,5,2,2,5
freedom,2,5,2,2,5
frequency,2,5,2,2,5
fund,2,5,2,2,5
goods,2,5,2,2,5
guide,2,5,2,2,5
hazard,2,5,2,2,5
headache,2,5,2,2,5
hide,2,5,2,2,5
hinder,2,5,2,2,5
hit,2,5,2,2,5
hopeful,2,5,2,2,5
host,2,5,2,2,5
humanity,2,5,2,2,5
imaginative,2,5,2,2,5
imitation,2,5,2,2,5
improvement,2,5,2,2,5
indicate,2,5,2,2,5
inevitable,2,5,2,2,5
inside,2,5,2,2,5
insist,2,5,2,2,5
inspiration,2,5,2,2,5
instance,2,5,2,2,5
intense,2,5,2,2,5
interact,2,5,2,2,5
investment,2,5,2,2,5
involve,2,5,2,2,5
lady,2,5,2,2,5
lay,2,5,2,2,5
lecture,2,5,2,2,5
location,2,5,2,2,5
loyal,2,5,2,2,5
magazine,2,5,2,2,5
marginal,2,5,2,2,5
method,2,5,2,2,5
miracle,2,5,2,2,5
mirror,2,5,2,2,5
mostly,2,5,2,2,5
movement,2,5,2,2,5
native,2,5,2,2,5
necessity,2,5,2,2,5
norm,2,5,2,2,5
notice,2,5,2,2,5
observation,2,5,2,2,5
observe,2,5,2,2,5
obstacle,2,5,2,2,5
occasion,2,5,2,2,5
occupy,2,5,2,2,5
otherwise,2,5,2,2,5
pain,2,5,2,2,5
perceive,2,5,2,2,5
pool,2,5,2,2,5
principle,2,5,2,2,5
product,2,5,2,2,5
professional,2,5,2,2,5
profitable,2,5,2,2,5
promise,2,5,2,2,5
proper,2,5,2,2,5
prospect,2,5,2,2,5
publication,2,5,2,2,5
pulse,2,5,2,2,5
punish,2,5,2,2,5
random,2,5,2,2,5
realistic,2,5,2,2,5
reasoning,2,5,2,2,5
recommend,2,5,2,2,5
refer,2,5,2,2,5
reference,2,5,2,2,5
refuse,2,5,2,2,5
regarding,2,5,2,2,5
regardless,2,5,2,2,5
reluctant,2,5,2,2,5
reputation,2,5,2,2,5
request,2,5,2,2,5
reserve,2,5,2,2,5
restore,2,5,2,2,5
resume,2,5,2,2,5
review,2,5,2,2,5
revolve,2,5,2,2,5
reward,2,5,2,2,5
roughly,2,5,2,2,5
safe,2,5,2,2,5
safeguard,2,5,2,2,5
sake,2,5,2,2,5
sensitive,2,5,2,2,5
sentiment,2,5,2,2,5
separate,2,5,2,2,5
shape,2,5,2,2,5
shortage,2,5,2,2,5
sight,2,5,2,2,5
signature,2,5,2,2,5
simplify,2,5,2,2,5
simulate,2,5,2,2,5
situation,2,5,2,2,5
skilled,2,5,2,2,5
solar,2,5,2,2,5
special,2,5,2,2,5
spirit,2,5,2,2,5
spite,2,5,2,2,5
split,2,5,2,2,5
strategy,2,5,2,2,5
strengthen,2,5,2,2,5
striking,2,5,2,2,5
studio,2,5,2,2,5
subsequent,2,5,2,2,5
summarize,2,5,2,2,5
surpass,2,5,2,2,5
suspend,2,5,2,2,5
suspicion,2,5,2,2,5
sword,2,5,2,2,5
test,2,5,2,2,5
threat,2,5,2,2,5
tip,2,5,2,2,5
tool,2,5,2,2,5
transfer,2,5,2,2,5
trend,2,5,2,2,5
trigger,2,5,2,2,5
undergo,2,5,2,2,5
urgent,2,5,2,2,5
vast,2,5,2,2,5
vital,2,5,2,2,5
voice,2,5,2,2,5
vote,2,5,2,2,5
whatever,2,5,2,2,5
willing,2,5,2,2,5
nail,1,5,19,1,5
butterfly,1,5,18,1,5
donkey,1,5,18,1,5
plastic,1,5,15,1,5
elephant,1,5,13,1,5
housing,1,5,13,1,5
carbon,1,5,7,1,5
citizen,1,5,7,1,5
employment,1,5,7,1,5
librarian,1,5,7,1,5
branch,1,5,6,1,5
commercial,1,5,6,1,5
expedition,1,5,6,1,5
origin,1,5,6,1,5
legitimate,1,5,5,1,5
peak,1,5,5,1,5
tame,1,5,5,1,5
van,1,5,5,1,5
automatic,1,5,4,1,5
billion,1,5,4,1,5
code,1,5,4,1,5
communicate,1,5,4,1,5
employee,1,5,4,1,5
event,1,5,4,1,5
fiction,1,5,4,1,5
generator,1,5,4,1,5
highly,1,5,4,1,5
infant,1,5,4,1,5
site,1,5,4,1,5
stable,1,5,4,1,5
army,1,5,3,1,5
asset,1,5,3,1,5
blaze,1,5,3,1,5
broadcast,1,5,3,1,5
bury,1,5,3,1,5
cancer,1,5,3,1,5
castle,1,5,3,1,5
continent,1,5,3,1,5
court,1,5,3,1,5
creature,1,5,3,1,5
design,1,5,3,1,5
dispute,1,5,3,1,5
durable,1,5,3,1,5
earn,1,5,3,1,5
editor,1,5,3,1,5
electrical,1,5,3,1,5
file,1,5,3,1,5
foam,1,5,3,1,5
format,1,5,3,1,5
incentive,1,5,3,1,5
island,1,5,3,1,5
mental,1,5,3,1,5
merchant,1,5,3,1,5
nursery,1,5,3,1,5
perform,1,5,3,1,5
pirate,1,5,3,1,5
poll,1,5,3,1,5
rehearsal,1,5,3,1,5
stock,1,5,3,1,5
talent,1,5,3,1,5
textbook,1,5,3,1,5
threshold,1,5,3,1,5
vocabulary,1,5,3,1,5
accept,1,5,2,1,5
account,1,5,2,1,5
activity,1,5,2,1,5
actor,1,5,2,1,5
agent,1,5,2,1,5
antique,1,5,2,1,5
appendix,1,5,2,1,5
brand,1,5,2,1,5
bronze,1,5,2,1,5
brook,1,5,2,1,5
cable,1,5,2,1,5
carpet,1,5,2,1,5
central,1,5,2,1,5
chamber,1,5,2,1,5
classical,1,5,2,1,5
clue,1,5,2,1,5
comfortable,1,5,2,1,5
conclusion,1,5,2,1,5
constrain,1,5,2,1,5
contract,1,5,2,1,5
CORE,1,5,2,1,5
courtyard,1,5,2,1,5
cow,1,5,2,1,5
crime,1,5,2,1,5
curious,1,5,2,1,5
customer,1,5,2,1,5
debate,1,5,2,1,5
department,1,5,2,1,5
depression,1,5,2,1,5
dip,1,5,2,1,5
dragon,1,5,2,1,5
drama,1,5,2,1,5
dull,1,5,2,1,5
engagement,1,5,2,1,5
enrich,1,5,2,1,5
enthusiasm,1,5,2,1,5
evident,1,5,2,1,5
evolve,1,5,2,1,5
exhibition,1,5,2,1,5
expand,1,5,2,1,5
extreme,1,5,2,1,5
failure,1,5,2,1,5
faithful,1,5,2,1,5
fashion,1,5,2,1,5
feature,1,5,2,1,5
flood,1,5,2,1,5
formal,1,5,2,1,5
function,1,5,2,1,5
genetic,1,5,2,1,5
golden,1,5,2,1,5
headquarters,1,5,2,1,5
ignite,1,5,2,1,5
imagination,1,5,2,1,5
imagine,1,5,2,1,5
immune,1,5,2,1,5
impossible,1,5,2,1,5
impressive,1,5,2,1,5
ingredient,1,5,2,1,5
insight,1,5,2,1,5
intellectual,1,5,2,1,5
internet,1,5,2,1,5
isolate,1,5,2,1,5
justify,1,5,2,1,5
labor,1,5,2,1,5
layer,1,5,2,1,5
legal,1,5,2,1,5
magic,1,5,2,1,5
massive,1,5,2,1,5
merely,1,5,2,1,5
merger,1,5,2,1,5
mystery,1,5,2,1,5
neglect,1,5,2,1,5
nervous,1,5,2,1,5
obsolete,1,5,2,1,5
ocean,1,5,2,1,5
organize,1,5,2,1,5
panic,1,5,2,1,5
paradox,1,5,2,1,5
patch,1,5,2,1,5
percentage,1,5,2,1,5
physicist,1,5,2,1,5
poem,1,5,2,1,5
prefer,1,5,2,1,5
prepare,1,5,2,1,5
prestige,1,5,2,1,5
primary,1,5,2,1,5
privacy,1,5,2,1,5
prominent,1,5,2,1,5
purchase,1,5,2,1,5
pursue,1,5,2,1,5
ratio,1,5,2,1,5
raw,1,5,2,1,5
react,1,5,2,1,5
reduction,1,5,2,1,5
register,1,5,2,1,5
rent,1,5,2,1,5
respect,1,5,2,1,5
restrict,1,5,2,1,5
revive,1,5,2,1,5
root,1,5,2,1,5
rose,1,5,2,1,5
rule,1,5,2,1,5
scheme,1,5,2,1,5
scholar,1,5,2,1,5
secret,1,5,2,1,5
sector,1,5,2,1,5
security,1,5,2,1,5
serious,1,5,2,1,5
shallow,1,5,2,1,5
sheer,1,5,2,1,5
shoot,1,5,2,1,5
shutter,1,5,2,1,5
significance,1,5,2,1,5
silicon,1,5,2,1,5
stage,1,5,2,1,5
strict,1,5,2,1,5
stunning,1,5,2,1,5
supreme,1,5,2,1,5
surroundings,1,5,2,1,5
suspicious,1,5,2,1,5
testimony,1,5,2,1,5
tiny,1,5,2,1,5
ton,1,5,2,1,5
transform,1,5,2,1,5
tune,1,5,2,1,5
undergraduate,1,5,2,1,5
undermine,1,5,2,1,5
unlike,1,5,2,1,5
valley,1,5,2,1,5
vehicle,1,5,2,1,5
video,1,5,2,1,5
vivid,1,5,2,1,5
vulnerable,1,5,2,1,5
wage,1,5,2,1,5
win,1,5,2,1,5
zip,1,5,2,1,5
abrupt,1,5,1,1,5
absurd,1,5,1,1,5
acceptance,1,5,1,1,5
accompany,1,5,1,1,5
accumulate,1,5,1,1,5
accustomed,1,5,1,1,5
acre,1,5,1,1,5
addition,1,5,1,1,5
adequate,1,5,1,1,5
adjust,1,5,1,1,5
adolescent,1,5,1,1,5
adult,1,5,1,1,5
advent,1,5,1,1,5
adventure,1,5,1,1,5
advice,1,5,1,1,5
afford,1,5,1,1,5
afterward,1,5,1,1,5
alien,1,5,1,1,5
alike,1,5,1,1,5
alleviate,1,5,1,1,5
alone,1,5,1,1,5
alongside,1,5,1,1,5
amateur,1,5,1,1,5
analyse,1,5,1,1,5
ancestor,1,5,1,1,5
anniversary,1,5,1,1,5
anticipate,1,5,1,1,5
anxious,1,5,1,1,5
appetite,1,5,1,1,5
apply,1,5,1,1,5
arbitrary,1,5,1,1,5
arise,1,5,1,1,5
arouse,1,5,1,1,5
array,1,5,1,1,5
arrest,1,5,1,1,5
arrival,1,5,1,1,5
articulate,1,5,1,1,5
ash,1,5,1,1,5
assistant,1,5,1,1,5
assumption,1,5,1,1,5
attend,1,5,1,1,5
attribute,1,5,1,1,5
authentic,1,5,1,1,5
avoid,1,5,1,1,5
await,1,5,1,1,5
aware,1,5,1,1,5
awkward,1,5,1,1,5
background,1,5,1,1,5
bake,1,5,1,1,5
bald,1,5,1,1,5
banner,1,5,1,1,5
barely,1,5,1,1,5
barrier,1,5,1,1,5
basin,1,5,1,1,5
bearing,1,5,1,1,5
beginning,1,5,1,1,5
beneath,1,5,1,1,5
biography,1,5,1,1,5
bloody,1,5,1,1,5
bolt,1,5,1,1,5
boom,1,5,1,1,5
bore,1,5,1,1,5
born,1,5,1,1,5
boss,1,5,1,1,5
bottom,1,5,1,1,5
bound,1,5,1,1,5
bowel,1,5,1,1,5
boycott,1,5,1,1,5
breadth,1,5,1,1,5
brilliant,1,5,1,1,5
brochure,1,5,1,1,5
broom,1,5,1,1,5
bug,1,5,1,1,5
burden,1,5,1,1,5
bush,1,5,1,1,5
butter,1,5,1,1,5
bypass,1,5,1,1,5
cabbage,1,5,1,1,5
cake,1,5,1,1,5
campaign,1,5,1,1,5
campus,1,5,1,1,5
capacity,1,5,1,1,5
captive,1,5,1,1,5
carrier,1,5,1,1,5
cartoon,1,5,1,1,5
casualty,1,5,1,1,5
caution,1,5,1,1,5
celebrate,1,5,1,1,5
celebrity,1,5,1,1,5
chalk,1,5,1,1,5
champion,1,5,1,1,5
charge,1,5,1,1,5
charm,1,5,1,1,5
cheat,1,5,1,1,5
chemist,1,5,1,1,5
chemistry,1,5,1,1,5
cherish,1,5,1,1,5
civilization,1,5,1,1,5
classic,1,5,1,1,5
cliff,1,5,1,1,5
clothing,1,5,1,1,5
coast,1,5,1,1,5
coat,1,5,1,1,5
cognitive,1,5,1,1,5
coin,1,5,1,1,5
coincide,1,5,1,1,5
collapse,1,5,1,1,5
combination,1,5,1,1,5
comfort,1,5,1,1,5
commerce,1,5,1,1,5
commodity,1,5,1,1,5
compensate,1,5,1,1,5
compete,1,5,1,1,5
compile,1,5,1,1,5
complain,1,5,1,1,5
complement,1,5,1,1,5
comply,1,5,1,1,5
comprehensive,1,5,1,1,5
compute,1,5,1,1,5
concentration,1,5,1,1,5
concerning,1,5,1,1,5
condition,1,5,1,1,5
conference,1,5,1,1,5
confine,1,5,1,1,5
confirm,1,5,1,1,5
conformity,1,5,1,1,5
confront,1,5,1,1,5
conscience,1,5,1,1,5
consent,1,5,1,1,5
consequently,1,5,1,1,5
consist,1,5,1,1,5
conspire,1,5,1,1,5
constant,1,5,1,1,5
construct,1,5,1,1,5
consult,1,5,1,1,5
consultant,1,5,1,1,5
consume,1,5,1,1,5
consumption,1,5,1,1,5
context,1,5,1,1,5
continue,1,5,1,1,5
continuous,1,5,1,1,5
contradiction,1,5,1,1,5
contrary,1,5,1,1,5
controversial,1,5,1,1,5
convenience,1,5,1,1,5
convenient,1,5,1,1,5
convention,1,5,1,1,5
coordinate,1,5,1,1,5
cope,1,5,1,1,5
copper,1,5,1,1,5
counterpart,1,5,1,1,5
county,1,5,1,1,5
crab,1,5,1,1,5
crash,1,5,1,1,5
criminal,1,5,1,1,5
criterion,1,5,1,1,5
critic,1,5,1,1,5
cross,1,5,1,1,5
crowd,1,5,1,1,5
crude,1,5,1,1,5
cruel,1,5,1,1,5
cue,1,5,1,1,5
cure,1,5,1,1,5
curiosity,1,5,1,1,5
cycle,1,5,1,1,5
dash,1,5,1,1,5
dean,1,5,1,1,5
debt,1,5,1,1,5
decay,1,5,1,1,5
deficiency,1,5,1,1,5
delicate,1,5,1,1,5
delivery,1,5,1,1,5
democratic,1,5,1,1,5
depart,1,5,1,1,5
dependent,1,5,1,1,5
deputy,1,5,1,1,5
description,1,5,1,1,5
deserve,1,5,1,1,5
despise,1,5,1,1,5
destructive,1,5,1,1,5
detail,1,5,1,1,5
detective,1,5,1,1,5
deteriorate,1,5,1,1,5
diagnose,1,5,1,1,5
diary,1,5,1,1,5
diet,1,5,1,1,5
difficulty,1,5,1,1,5
dignity,1,5,1,1,5
dilemma,1,5,1,1,5
diligent,1,5,1,1,5
diminish,1,5,1,1,5
direction,1,5,1,1,5
directly,1,5,1,1,5
discount,1,5,1,1,5
discourse,1,5,1,1,5
disease,1,5,1,1,5
disorder,1,5,1,1,5
disperse,1,5,1,1,5
distance,1,5,1,1,5
distinguish,1,5,1,1,5
distress,1,5,1,1,5
district,1,5,1,1,5
disturb,1,5,1,1,5
diverse,1,5,1,1,5
division,1,5,1,1,5
documentary,1,5,1,1,5
domain,1,5,1,1,5
dominate,1,5,1,1,5
dozen,1,5,1,1,5
drain,1,5,1,1,5
dramatic,1,5,1,1,5
drawing,1,5,1,1,5
drift,1,5,1,1,5
drop,1,5,1,1,5
dubious,1,5,1,1,5
duplicate,1,5,1,1,5
dust,1,5,1,1,5
eagle,1,5,1,1,5
earthquake,1,5,1,1,5
ebb,1,5,1,1,5
economy,1,5,1,1,5
edit,1,5,1,1,5
editorial,1,5,1,1,5
electronic,1,5,1,1,5
elevate,1,5,1,1,5
embed,1,5,1,1,5
embrace,1,5,1,1,5
emergency,1,5,1,1,5
emerging,1,5,1,1,5
eminent,1,5,1,1,5
emperor,1,5,1,1,5
emphasis,1,5,1,1,5
enclose,1,5,1,1,5
enclosure,1,5,1,1,5
endeavor,1,5,1,1,5
enforce,1,5,1,1,5
engineering,1,5,1,1,5
enlighten,1,5,1,1,5
enroll,1,5,1,1,5
enter,1,5,1,1,5
enthusiastic,1,5,1,1,5
equator,1,5,1,1,5
equip,1,5,1,1,5
equipment,1,5,1,1,5
estate,1,5,1,1,5
evade,1,5,1,1,5
eventually,1,5,1,1,5
evolution,1,5,1,1,5
exaggerate,1,5,1,1,5
exception,1,5,1,1,5
excessive,1,5,1,1,5
exchange,1,5,1,1,5
excitement,1,5,1,1,5
exclude,1,5,1,1,5
exemplify,1,5,1,1,5
exempt,1,5,1,1,5
expansion,1,5,1,1,5
explosion,1,5,1,1,5
exposure,1,5,1,1,5
extent,1,5,1,1,5
external,1,5,1,1,5
extract,1,5,1,1,5
eyesight,1,5,1,1,5
false,1,5,1,1,5
familiar,1,5,1,1,5
fantasy,1,5,1,1,5
fate,1,5,1,1,5
fault,1,5,1,1,5
favor,1,5,1,1,5
fear,1,5,1,1,5
federal,1,5,1,1,5
fell,1,5,1,1,5
fellow,1,5,1,1,5
fiber,1,5,1,1,5
figure,1,5,1,1,5
financial,1,5,1,1,5
fishery,1,5,1,1,5
flag,1,5,1,1,5
flexible,1,5,1,1,5
fluctuate,1,5,1,1,5
fool,1,5,1,1,5
forecast,1,5,1,1,5
foreseeable,1,5,1,1,5
forge,1,5,1,1,5
fortune,1,5,1,1,5
foundation,1,5,1,1,5
fragile,1,5,1,1,5
fragment,1,5,1,1,5
frequent,1,5,1,1,5
fresh,1,5,1,1,5
fridge,1,5,1,1,5
fuel,1,5,1,1,5
fur,1,5,1,1,5
galaxy,1,5,1,1,5
garage,1,5,1,1,5
gather,1,5,1,1,5
genius,1,5,1,1,5
glimpse,1,5,1,1,5
gloomy,1,5,1,1,5
glorious,1,5,1,1,5
governor,1,5,1,1,5
graduate,1,5,1,1,5
grammar,1,5,1,1,5
grant,1,5,1,1,5
grave,1,5,1,1,5
guard,1,5,1,1,5
guidance,1,5,1,1,5
guideline,1,5,1,1,5
habit,1,5,1,1,5
hall,1,5,1,1,5
hamper,1,5,1,1,5
hardly,1,5,1,1,5
harvest,1,5,1,1,5
heading,1,5,1,1,5
helpful,1,5,1,1,5
hence,1,5,1,1,5
heroic,1,5,1,1,5
hesitate,1,5,1,1,5
highlight,1,5,1,1,5
hint,1,5,1,1,5
hire,1,5,1,1,5
horn,1,5,1,1,5
hum,1,5,1,1,5
humble,1,5,1,1,5
hurt,1,5,1,1,5
ideal,1,5,1,1,5
ignore,1,5,1,1,5
illustration,1,5,1,1,5
immerse,1,5,1,1,5
impair,1,5,1,1,5
impetus,1,5,1,1,5
impression,1,5,1,1,5
income,1,5,1,1,5
incorporate,1,5,1,1,5
indispensable,1,5,1,1,5
infinite,1,5,1,1,5
inform,1,5,1,1,5
inhabitant,1,5,1,1,5
inhibit,1,5,1,1,5
initial,1,5,1,1,5
initiative,1,5,1,1,5
inject,1,5,1,1,5
inn,1,5,1,1,5
insect,1,5,1,1,5
institute,1,5,1,1,5
institution,1,5,1,1,5
instruct,1,5,1,1,5
instruction,1,5,1,1,5
insult,1,5,1,1,5
insurance,1,5,1,1,5
integral,1,5,1,1,5
integrate,1,5,1,1,5
intensity,1,5,1,1,5
intention,1,5,1,1,5
interior,1,5,1,1,5
intrinsic,1,5,1,1,5
introduction,1,5,1,1,5
invent,1,5,1,1,5
inventory,1,5,1,1,5
investigate,1,5,1,1,5
invite,1,5,1,1,5
isle,1,5,1,1,5
journalist,1,5,1,1,5
juggle,1,5,1,1,5
justice,1,5,1,1,5
kill,1,5,1,1,5
king,1,5,1,1,5
label,1,5,1,1,5
ladder,1,5,1,1,5
lamp,1,5,1,1,5
leading,1,5,1,1,5
legend,1,5,1,1,5
lens,1,5,1,1,5
levy,1,5,1,1,5
liberate,1,5,1,1,5
lift,1,5,1,1,5
limitation,1,5,1,1,5
linear,1,5,1,1,5
literally,1,5,1,1,5
litter,1,5,1,1,5
load,1,5,1,1,5
loan,1,5,1,1,5
lock,1,5,1,1,5
logical,1,5,1,1,5
lonely,1,5,1,1,5
loom,1,5,1,1,5
lord,1,5,1,1,5
loud,1,5,1,1,5
lure,1,5,1,1,5
magnificent,1,5,1,1,5
mainland,1,5,1,1,5
manage,1,5,1,1,5
manner,1,5,1,1,5
manual,1,5,1,1,5
marble,1,5,1,1,5
margin,1,5,1,1,5
mark,1,5,1,1,5
mass,1,5,1,1,5
masterpiece,1,5,1,1,5
mat,1,5,1,1,5
meantime,1,5,1,1,5
mechanism,1,5,1,1,5
medium,1,5,1,1,5
melt,1,5,1,1,5
mere,1,5,1,1,5
metre,1,5,1,1,5
migrate,1,5,1,1,5
military,1,5,1,1,5
mill,1,5,1,1,5
ministry,1,5,1,1,5
mission,1,5,1,1,5
mixture,1,5,1,1,5
mock,1,5,1,1,5
monetary,1,5,1,1,5
monitor,1,5,1,1,5
moreover,1,5,1,1,5
motion,1,5,1,1,5
mount,1,5,1,1,5
multitude,1,5,1,1,5
mushroom,1,5,1,1,5
musician,1,5,1,1,5
mysterious,1,5,1,1,5
narrate,1,5,1,1,5
nationality,1,5,1,1,5
navigation,1,5,1,1,5
neighbor,1,5,1,1,5
nightmare,1,5,1,1,5
noble,1,5,1,1,5
nonetheless,1,5,1,1,5
notebook,1,5,1,1,5
noticeable,1,5,1,1,5
notion,1,5,1,1,5
novel,1,5,1,1,5
novelty,1,5,1,1,5
nuclear,1,5,1,1,5
oblige,1,5,1,1,5
obscure,1,5,1,1,5
obsession,1,5,1,1,5
obvious,1,5,1,1,5
odds,1,5,1,1,5
odor,1,5,1,1,5
orchestra,1,5,1,1,5
originate,1,5,1,1,5
outlet,1,5,1,1,5
overcome,1,5,1,1,5
overwhelm,1,5,1,1,5
owe,1,5,1,1,5
paddle,1,5,1,1,5
paint,1,5,1,1,5
painter,1,5,1,1,5
palm,1,5,1,1,5
parallel,1,5,1,1,5
participate,1,5,1,1,5
partly,1,5,1,1,5
passion,1,5,1,1,5
pat,1,5,1,1,5
path,1,5,1,1,5
patience,1,5,1,1,5
pave,1,5,1,1,5
peculiar,1,5,1,1,5
percent,1,5,1,1,5
permission,1,5,1,1,5
permit,1,5,1,1,5
personnel,1,5,1,1,5
persuade,1,5,1,1,5
phenomenon,1,5,1,1,5
phone,1,5,1,1,5
phrase,1,5,1,1,5
pilgrim,1,5,1,1,5
pinch,1,5,1,1,5
pit,1,5,1,1,5
plateau,1,5,1,1,5
plenty,1,5,1,1,5
plus,1,5,1,1,5
Polish,1,5,1,1,5
politics,1,5,1,1,5
pollution,1,5,1,1,5
ponder,1,5,1,1,5
pop,1,5,1,1,5
portable,1,5,1,1,5
portrait,1,5,1,1,5
portray,1,5,1,1,5
position,1,5,1,1,5
possess,1,5,1,1,5
possibly,1,5,1,1,5
postpone,1,5,1,1,5
powerful,1,5,1,1,5
practical,1,5,1,1,5
pray,1,5,1,1,5
precious,1,5,1,1,5
preclude,1,5,1,1,5
predecessor,1,5,1,1,5
premise,1,5,1,1,5
press,1,5,1,1,5
presumably,1,5,1,1,5
pride,1,5,1,1,5
print,1,5,1,1,5
prior,1,5,1,1,5
private,1,5,1,1,5
prize,1,5,1,1,5
profession,1,5,1,1,5
profound,1,5,1,1,5
programme,1,5,1,1,5
promising,1,5,1,1,5
prone,1,5,1,1,5
propel,1,5,1,1,5
prophet,1,5,1,1,5
proposal,1,5,1,1,5
prosperity,1,5,1,1,5
protest,1,5,1,1,5
proud,1,5,1,1,5
provocative,1,5,1,1,5
psychiatry,1,5,1,1,5
psychology,1,5,1,1,5
punch,1,5,1,1,5
pursuit,1,5,1,1,5
quarrel,1,5,1,1,5
race,1,5,1,1,5
radar,1,5,1,1,5
radical,1,5,1,1,5
rake,1,5,1,1,5
rally,1,5,1,1,5
rare,1,5,1,1,5
rat,1,5,1,1,5
realm,1,5,1,1,5
reap,1,5,1,1,5
rear,1,5,1,1,5
reasonable,1,5,1,1,5
recipe,1,5,1,1,5
reclaim,1,5,1,1,5
recognition,1,5,1,1,5
rectangle,1,5,1,1,5
reform,1,5,1,1,5
refreshment,1,5,1,1,5
regard,1,5,1,1,5
regime,1,5,1,1,5
regret,1,5,1,1,5
regular,1,5,1,1,5
rein,1,5,1,1,5
reinforce,1,5,1,1,5
rejoice,1,5,1,1,5
relate,1,5,1,1,5
relation,1,5,1,1,5
reliance,1,5,1,1,5
relish,1,5,1,1,5
remarkable,1,5,1,1,5
remote,1,5,1,1,5
render,1,5,1,1,5
repair,1,5,1,1,5
repeat,1,5,1,1,5
representative,1,5,1,1,5
republic,1,5,1,1,5
resist,1,5,1,1,5
resolve,1,5,1,1,5
responsibility,1,5,1,1,5
restraint,1,5,1,1,5
retrieve,1,5,1,1,5
revolutionary,1,5,1,1,5
rid,1,5,1,1,5
rip,1,5,1,1,5
rob,1,5,1,1,5
robust,1,5,1,1,5
rock,1,5,1,1,5
rocket,1,5,1,1,5
royal,1,5,1,1,5
rush,1,5,1,1,5
rust,1,5,1,1,5
safety,1,5,1,1,5
sail,1,5,1,1,5
salary,1,5,1,1,5
sale,1,5,1,1,5
sample,1,5,1,1,5
sanction,1,5,1,1,5
sand,1,5,1,1,5
satellite,1,5,1,1,5
satisfy,1,5,1,1,5
saving,1,5,1,1,5
saw,1,5,1,1,5
scale,1,5,1,1,5
scar,1,5,1,1,5
scarce,1,5,1,1,5
scientist,1,5,1,1,5
scope,1,5,1,1,5
score,1,5,1,1,5
scrap,1,5,1,1,5
script,1,5,1,1,5
seemingly,1,5,1,1,5
seize,1,5,1,1,5
seldom,1,5,1,1,5
senate,1,5,1,1,5
senator,1,5,1,1,5
senior,1,5,1,1,5
sensible,1,5,1,1,5
settle,1,5,1,1,5
settlement,1,5,1,1,5
shame,1,5,1,1,5
shield,1,5,1,1,5
shoulder,1,5,1,1,5
sink,1,5,1,1,5
skin,1,5,1,1,5
skip,1,5,1,1,5
slack,1,5,1,1,5
slide,1,5,1,1,5
slip,1,5,1,1,5
slogan,1,5,1,1,5
snap,1,5,1,1,5
software,1,5,1,1,5
solve,1,5,1,1,5
somewhat,1,5,1,1,5
soul,1,5,1,1,5
source,1,5,1,1,5
specialize,1,5,1,1,5
speech,1,5,1,1,5
speed,1,5,1,1,5
spiritual,1,5,1,1,5
sponsor,1,5,1,1,5
spot,1,5,1,1,5
spy,1,5,1,1,5
standard,1,5,1,1,5
stare,1,5,1,1,5
starve,1,5,1,1,5
steel,1,5,1,1,5
steer,1,5,1,1,5
stem,1,5,1,1,5
step,1,5,1,1,5
stereotype,1,5,1,1,5
stick,1,5,1,1,5
stir,1,5,1,1,5
stone,1,5,1,1,5
storm,1,5,1,1,5
strain,1,5,1,1,5
stretch,1,5,1,1,5
strip,1,5,1,1,5
strive,1,5,1,1,5
stuff,1,5,1,1,5
submarine,1,5,1,1,5
succession,1,5,1,1,5
sudden,1,5,1,1,5
sufficient,1,5,1,1,5
suit,1,5,1,1,5
sum,1,5,1,1,5
suppose,1,5,1,1,5
suppress,1,5,1,1,5
surge,1,5,1,1,5
surgery,1,5,1,1,5
surrender,1,5,1,1,5
sway,1,5,1,1,5
swing,1,5,1,1,5
switch,1,5,1,1,5
symbol,1,5,1,1,5
sympathetic,1,5,1,1,5
sympathy,1,5,1,1,5
symphony,1,5,1,1,5
systematic,1,5,1,1,5
tackle,1,5,1,1,5
tactic,1,5,1,1,5
tailor,1,5,1,1,5
tale,1,5,1,1,5
technical,1,5,1,1,5
technique,1,5,1,1,5
telescope,1,5,1,1,5
temperature,1,5,1,1,5
tense,1,5,1,1,5
territory,1,5,1,1,5
terror,1,5,1,1,5
textile,1,5,1,1,5
theft,1,5,1,1,5
theme,1,5,1,1,5
theory,1,5,1,1,5
thick,1,5,1,1,5
thief,1,5,1,1,5
thrive,1,5,1,1,5
thus,1,5,1,1,5
tin,1,5,1,1,5
tomb,1,5,1,1,5
top,1,5,1,1,5
total,1,5,1,1,5
tragedy,1,5,1,1,5
trait,1,5,1,1,5
transcend,1,5,1,1,5
transition,1,5,1,1,5
translation,1,5,1,1,5
trap,1,5,1,1,5
trash,1,5,1,1,5
treasure,1,5,1,1,5
treat,1,5,1,1,5
treaty,1,5,1,1,5
trench,1,5,1,1,5
trial,1,5,1,1,5
triumph,1,5,1,1,5
trivial,1,5,1,1,5
trust,1,5,1,1,5
typical,1,5,1,1,5
uncover,1,5,1,1,5
underline,1,5,1,1,5
undoubtedly,1,5,1,1,5
unexpected,1,5,1,1,5
unfold,1,5,1,1,5
unfortunately,1,5,1,1,5
union,1,5,1,1,5
universal,1,5,1,1,5
unusual,1,5,1,1,5
update,1,5,1,1,5
upgrade,1,5,1,1,5
upon,1,5,1,1,5
urge,1,5,1,1,5
utmost,1,5,1,1,5
vacation,1,5,1,1,5
various,1,5,1,1,5
vegetarian,1,5,1,1,5
veteran,1,5,1,1,5
via,1,5,1,1,5
vice,1,5,1,1,5
vicinity,1,5,1,1,5
victory,1,5,1,1,5
virtual,1,5,1,1,5
virtually,1,5,1,1,5
visible,1,5,1,1,5
vision,1,5,1,1,5
waterfall,1,5,1,1,5
wealthy,1,5,1,1,5
weep,1,5,1,1,5
weigh,1,5,1,1,5
wheel,1,5,1,1,5
whenever,1,5,1,1,5
whistle,1,5,1,1,5
whole,1,5,1,1,5
widespread,1,5,1,1,5
witness,1,5,1,1,5
wonder,1,5,1,1,5
wonderful,1,5,1,1,5
worse,1,5,1,1,5
worst,1,5,1,1,5
yard,1,5,1,1,5
yield,1,5,1,1,5
abandon,0,5,0,0,5
abdomen,0,5,0,0,5
abide,0,5,0,0,5
abnormal,0,5,0,0,5
aboard,0,5,0,0,5
abolish,0,5,0,0,5
abound,0,5,0,0,5
absence,0,5,0,0,5
absent,0,5,0,0,5
absolute,0,5,0,0,5
absorb,0,5,0,0,5
abstract,0,5,0,0,5
abundance,0,5,0,0,5
abundant,0,5,0,0,5
abuse,0,5,0,0,5
academy,0,5,0,0,5
accelerate,0,5,0,0,5
accent,0,5,0,0,5
accessory,0,5,0,0,5
accident,0,5,0,0,5
accidental,0,5,0,0,5
acclaim,0,5,0,0,5
accommodate,0,5,0,0,5
accommodation,0,5,0,0,5
accomplish,0,5,0,0,5
accordance,0,5,0,0,5
accordingly,0,5,0,0,5
accountant,0,5,0,0,5
accuracy,0,5,0,0,5
accurate,0,5,0,0,5
accuse,0,5,0,0,5
accustom,0,5,0,0,5
ache,0,5,0,0,5
acid,0,5,0,0,5
acknowledge,0,5,0,0,5
acquaint,0,5,0,0,5
acquaintance,0,5,0,0,5
acquire,0,5,0,0,5
acquisition,0,5,0,0,5
acrobat,0,5,0,0,5
activate,0,5,0,0,5
active,0,5,0,0,5
actress,0,5,0,0,5
actual,0,5,0,0,5
acute,0,5,0,0,5
addict,0,5,0,0,5
adhere,0,5,0,0,5
adjacent,0,5,0,0,5
adjective,0,5,0,0,5
adjoin,0,5,0,0,5
administer,0,5,0,0,5
administrate,0,5,0,0,5
administration,0,5,0,0,5
admire,0,5,0,0,5
admission,0,5,0,0,5
admit,0,5,0,0,5
adore,0,5,0,0,5
advantage,0,5,0,0,5
adverb,0,5,0,0,5
adverse,0,5,0,0,5
advertise,0,5,0,0,5
advisable,0,5,0,0,5
aerial,0,5,0,0,5
aeroplane,0,5,0,0,5
aesthetic,0,5,0,0,5
affair,0,5,0,0,5
affection,0,5,0,0,5
affiliate,0,5,0,0,5
affiliation,0,5,0,0,5
affirm,0,5,0,0,5
affluent,0,5,0,0,5
agenda,0,5,0,0,5
aggravate,0,5,0,0,5
aggressive,0,5,0,0,5
agitate,0,5,0,0,5
agony,0,5,0,0,5
agreeable,0,5,0,0,5
agriculture,0,5,0,0,5
aircraft,0,5,0,0,5
airline,0,5,0,0,5
aisle,0,5,0,0,5
alarm,0,5,0,0,5
album,0,5,0,0,5
alcohol,0,5,0,0,5
alert,0,5,0,0,5
alive,0,5,0,0,5
allege,0,5,0,0,5
allied,0,5,0,0,5
allocate,0,5,0,0,5
allowance,0,5,0,0,5
alloy,0,5,0,0,5
ally,0,5,0,0,5
aloud,0,5,0,0,5
alphabet,0,5,0,0,5
alternate,0,5,0,0,5
altitude,0,5,0,0,5
altogether,0,5,0,0,5
aluminum,0,5,0,0,5
amaze,0,5,0,0,5
ambassador,0,5,0,0,5
ambiguous,0,5,0,0,5
ambitious,0,5,0,0,5
ambulance,0,5,0,0,5
amend,0,5,0,0,5
amiable,0,5,0,0,5
amid,0,5,0,0,5
ample,0,5,0,0,5
amplifier,0,5,0,0,5
amplify,0,5,0,0,5
amuse,0,5,0,0,5
analogue,0,5,0,0,5
analogy,0,5,0,0,5
analytic,0,5,0,0,5
anchor,0,5,0,0,5
anecdote,0,5,0,0,5
anemia,0,5,0,0,5
angel,0,5,0,0,5
anger,0,5,0,0,5
angle,0,5,0,0,5
anguish,0,5,0,0,5
ankle,0,5,0,0,5
announce,0,5,0,0,5
annual,0,5,0,0,5
anonymous,0,5,0,0,5
ant,0,5,0,0,5
antenna,0,5,0,0,5
anyhow,0,5,0,0,5
apartment,0,5,0,0,5
apologise,0,5,0,0,5
appal,0,5,0,0,5
appall,0,5,0,0,5
apparatus,0,5,0,0,5
appearance,0,5,0,0,5
applaud,0,5,0,0,5
applause,0,5,0,0,5
appliance,0,5,0,0,5
applicable,0,5,0,0,5
appoint,0,5,0,0,5
appointment,0,5,0,0,5
appraisal,0,5,0,0,5
appraise,0,5,0,0,5
appreciate,0,5,0,0,5
apprehend,0,5,0,0,5
apprehensive,0,5,0,0,5
approval,0,5,0,0,5
approve,0,5,0,0,5
approximate,0,5,0,0,5
apt,0,5,0,0,5
arch,0,5,0,0,5
architect,0,5,0,0,5
architecture,0,5,0,0,5
archive,0,5,0,0,5
argument,0,5,0,0,5
arithmetic,0,5,0,0,5
arrogant,0,5,0,0,5
arrow,0,5,0,0,5
artery,0,5,0,0,5
ascend,0,5,0,0,5
ascertain,0,5,0,0,5
ashamed,0,5,0,0,5
ashore,0,5,0,0,5
aside,0,5,0,0,5
asleep,0,5,0,0,5
aspire,0,5,0,0,5
assassinate,0,5,0,0,5
assault,0,5,0,0,5
assemble,0,5,0,0,5
assembly,0,5,0,0,5
assert,0,5,0,0,5
assignment,0,5,0,0,5
assimilate,0,5,0,0,5
assistance,0,5,0,0,5
assurance,0,5,0,0,5
assure,0,5,0,0,5
astonish,0,5,0,0,5
astronaut,0,5,0,0,5
astronomy,0,5,0,0,5
athlete,0,5,0,0,5
atom,0,5,0,0,5
attain,0,5,0,0,5
attendance,0,5,0,0,5
attendant,0,5,0,0,5
attentive,0,5,0,0,5
attorney,0,5,0,0,5
attractive,0,5,0,0,5
auction,0,5,0,0,5
audio,0,5,0,0,5
audit,0,5,0,0,5
auditorium,0,5,0,0,5
augment,0,5,0,0,5
aural,0,5,0,0,5
auto,0,5,0,0,5
automation,0,5,0,0,5
autonomy,0,5,0,0,5
auxiliary,0,5,0,0,5
avail,0,5,0,0,5
avenue,0,5,0,0,5
avert,0,5,0,0,5
aviation,0,5,0,0,5
awake,0,5,0,0,5
award,0,5,0,0,5
awe,0,5,0,0,5
awful,0,5,0,0,5
axe,0,5,0,0,5
axis,0,5,0,0,5
bachelor,0,5,0,0,5
backward,0,5,0,0,5
bacon,0,5,0,0,5
bacterium,0,5,0,0,5
badge,0,5,0,0,5
badly,0,5,0,0,5
badminton,0,5,0,0,5
baggage,0,5,0,0,5
bait,0,5,0,0,5
balcony,0,5,0,0,5
ballet,0,5,0,0,5
balloon,0,5,0,0,5
ballot,0,5,0,0,5
ban,0,5,0,0,5
band,0,5,0,0,5
bandage,0,5,0,0,5
bang,0,5,0,0,5
bankrupt,0,5,0,0,5
banquet,0,5,0,0,5
bar,0,5,0,0,5
barbecue,0,5,0,0,5
barber,0,5,0,0,5
bare,0,5,0,0,5
bargain,0,5,0,0,5
bark,0,5,0,0,5
barn,0,5,0,0,5
barrel,0,5,0,0,5
barren,0,5,0,0,5
baseball,0,5,0,0,5
basement,0,5,0,0,5
basic,0,5,0,0,5
bat,0,5,0,0,5
batch,0,5,0,0,5
bath,0,5,0,0,5
bathe,0,5,0,0,5
bathroom,0,5,0,0,5
battery,0,5,0,0,5
beach,0,5,0,0,5
beam,0,5,0,0,5
bean,0,5,0,0,5
beard,0,5,0,0,5
beast,0,5,0,0,5
beforehand,0,5,0,0,5
beg,0,5,0,0,5
behalf,0,5,0,0,5
behave,0,5,0,0,5
belly,0,5,0,0,5
belong,0,5,0,0,5
beloved,0,5,0,0,5
belt,0,5,0,0,5
bend,0,5,0,0,5
benign,0,5,0,0,5
bet,0,5,0,0,5
betray,0,5,0,0,5
beverage,0,5,0,0,5
beware,0,5,0,0,5
bewilder,0,5,0,0,5
bible,0,5,0,0,5
bibliography,0,5,0,0,5
bicycle,0,5,0,0,5
bid,0,5,0,0,5
bin,0,5,0,0,5
bind,0,5,0,0,5
bipedal,0,5,0,0,5
biscuit,0,5,0,0,5
bite,0,5,0,0,5
bitter,0,5,0,0,5
bizarre,0,5,0,0,5
blackmail,0,5,0,0,5
blade,0,5,0,0,5
blame,0,5,0,0,5
blank,0,5,0,0,5
blanket,0,5,0,0,5
blast,0,5,0,0,5
bleak,0,5,0,0,5
bleed,0,5,0,0,5
blend,0,5,0,0,5
bless,0,5,0,0,5
blind,0,5,0,0,5
blood,0,5,0,0,5
bloom,0,5,0,0,5
blossom,0,5,0,0,5
blouse,0,5,0,0,5
blueprint,0,5,0,0,5
blunder,0,5,0,0,5
blunt,0,5,0,0,5
blur,0,5,0,0,5
blush,0,5,0,0,5
boast,0,5,0,0,5
boil,0,5,0,0,5
bold,0,5,0,0,5
bond,0,5,0,0,5
bone,0,5,0,0,5
bonus,0,5,0,0,5
boot,0,5,0,0,5
booth,0,5,0,0,5
border,0,5,0,0,5
bosom,0,5,0,0,5
bounce,0,5,0,0,5
bow,0,5,0,0,5
bowl,0,5,0,0,5
bowling,0,5,0,0,5
brace,0,5,0,0,5
bracket,0,5,0,0,5
brake,0,5,0,0,5
brandy,0,5,0,0,5
brass,0,5,0,0,5
brave,0,5,0,0,5
breach,0,5,0,0,5
breakdown,0,5,0,0,5
breast,0,5,0,0,5
breath,0,5,0,0,5
breathe,0,5,0,0,5
breed,0,5,0,0,5
breeze,0,5,0,0,5
bribe,0,5,0,0,5
brick,0,5,0,0,5
bride,0,5,0,0,5
brief,0,5,0,0,5
briefcase,0,5,0,0,5
brim,0,5,0,0,5
brisk,0,5,0,0,5
brittle,0,5,0,0,5
brow,0,5,0,0,5
browse,0,5,0,0,5
bruise,0,5,0,0,5
brutal,0,5,0,0,5
bubble,0,5,0,0,5
bucket,0,5,0,0,5
bud,0,5,0,0,5
budget,0,5,0,0,5
buffet,0,5,0,0,5
bulb,0,5,0,0,5
bulk,0,5,0,0,5
bull,0,5,0,0,5
bullet,0,5,0,0,5
bulletin,0,5,0,0,5
bully,0,5,0,0,5
bump,0,5,0,0,5
bunch,0,5,0,0,5
bundle,0,5,0,0,5
bureau,0,5,0,0,5
bureaucracy,0,5,0,0,5
burglar,0,5,0,0,5
burst,0,5,0,0,5
butcher,0,5,0,0,5
button,0,5,0,0,5
cab,0,5,0,0,5
cabin,0,5,0,0,5
cabinet,0,5,0,0,5
cafe,0,5,0,0,5
cafeteria,0,5,0,0,5
cage,0,5,0,0,5
calcium,0,5,0,0,5
calculate,0,5,0,0,5
calendar,0,5,0,0,5
calm,0,5,0,0,5
calorie,0,5,0,0,5
camel,0,5,0,0,5
canal,0,5,0,0,5
cancel,0,5,0,0,5
candidate,0,5,0,0,5
candle,0,5,0,0,5
candy,0,5,0,0,5
cannon,0,5,0,0,5
canoe,0,5,0,0,5
canteen,0,5,0,0,5
canvas,0,5,0,0,5
cap,0,5,0,0,5
capable,0,5,0,0,5
cape,0,5,0,0,5
capital,0,5,0,0,5
capitalism,0,5,0,0,5
capsule,0,5,0,0,5
captain,0,5,0,0,5
carbohydrate,0,5,0,0,5
cardinal,0,5,0,0,5
caress,0,5,0,0,5
cargo,0,5,0,0,5
carpenter,0,5,0,0,5
carriage,0,5,0,0,5
carrot,0,5,0,0,5
cart,0,5,0,0,5
carve,0,5,0,0,5
cash,0,5,0,0,5
cassette,0,5,0,0,5
cast,0,5,0,0,5
catalog,0,5,0,0,5
catastrophe,0,5,0,0,5
category,0,5,0,0,5
cathedral,0,5,0,0,5
catholic,0,5,0,0,5
cattle,0,5,0,0,5
cave,0,5,0,0,5
cease,0,5,0,0,5
ceiling,0,5,0,0,5
cellar,0,5,0,0,5
cement,0,5,0,0,5
cemetery,0,5,0,0,5
census,0,5,0,0,5
centigrade,0,5,0,0,5
centimetre,0,5,0,0,5
cereal,0,5,0,0,5
ceremony,0,5,0,0,5
certainty,0,5,0,0,5
certificate,0,5,0,0,5
certify,0,5,0,0,5
chain,0,5,0,0,5
chairman,0,5,0,0,5
champagne,0,5,0,0,5
chancellor,0,5,0,0,5
channel,0,5,0,0,5
chaos,0,5,0,0,5
chap,0,5,0,0,5
chapter,0,5,0,0,5
characterize,0,5,0,0,5
charity,0,5,0,0,5
chart,0,5,0,0,5
charter,0,5,0,0,5
chase,0,5,0,0,5
cheek,0,5,0,0,5
cheer,0,5,0,0,5
cheese,0,5,0,0,5
chef,0,5,0,0,5
cheque,0,5,0,0,5
cherry,0,5,0,0,5
chess,0,5,0,0,5
chest,0,5,0,0,5
chew,0,5,0,0,5
chicken,0,5,0,0,5
childhood,0,5,0,0,5
chill,0,5,0,0,5
chimney,0,5,0,0,5
chin,0,5,0,0,5
chip,0,5,0,0,5
chocolate,0,5,0,0,5
choke,0,5,0,0,5
chop,0,5,0,0,5
chorus,0,5,0,0,5
Christ,0,5,0,0,5
Christian,0,5,0,0,5
Christmas,0,5,0,0,5
chromosome,0,5,0,0,5
chronic,0,5,0,0,5
church,0,5,0,0,5
cigar,0,5,0,0,5
cigaret,0,5,0,0,5
circuit,0,5,0,0,5
circular,0,5,0,0,5
circulate,0,5,0,0,5
circumference,0,5,0,0,5
circus,0,5,0,0,5
civil,0,5,0,0,5
civilian,0,5,0,0,5
civility,0,5,0,0,5
civilize,0,5,0,0,5
clap,0,5,0,0,5
clarify,0,5,0,0,5
clarity,0,5,0,0,5
clash,0,5,0,0,5
clasp,0,5,0,0,5
classification,0,5,0,0,5
classmate,0,5,0,0,5
clause,0,5,0,0,5
claw,0,5,0,0,5
clay,0,5,0,0,5
clergy,0,5,0,0,5
clerk,0,5,0,0,5
clever,0,5,0,0,5
click,0,5,0,0,5
client,0,5,0,0,5
climax,0,5,0,0,5
climb,0,5,0,0,5
cling,0,5,0,0,5
clinic,0,5,0,0,5
clip,0,5,0,0,5
cloak,0,5,0,0,5
clock,0,5,0,0,5
clockwise,0,5,0,0,5
clone,0,5,0,0,5
closet,0,5,0,0,5
cloth,0,5,0,0,5
clothe,0,5,0,0,5
club,0,5,0,0,5
clumsy,0,5,0,0,5
cluster,0,5,0,0,5
clutch,0,5,0,0,5
coach,0,5,0,0,5
coal,0,5,0,0,5
coarse,0,5,0,0,5
cocaine,0,5,0,0,5
cock,0,5,0,0,5
coherent,0,5,0,0,5
cohesive,0,5,0,0,5
coil,0,5,0,0,5
coincidence,0,5,0,0,5
cold,0,5,0,0,5
collar,0,5,0,0,5
colleague,0,5,0,0,5
collective,0,5,0,0,5
collide,0,5,0,0,5
collision,0,5,0,0,5
colonel,0,5,0,0,5
colonial,0,5,0,0,5
colony,0,5,0,0,5
color,0,5,0,0,5
column,0,5,0,0,5
comb,0,5,0,0,5
combat,0,5,0,0,5
comedy,0,5,0,0,5
comic,0,5,0,0,5
commemorate,0,5,0,0,5
commence,0,5,0,0,5
commend,0,5,0,0,5
commit,0,5,0,0,5
committee,0,5,0,0,5
commonplace,0,5,0,0,5
commonwealth,0,5,0,0,5
communism,0,5,0,0,5
commute,0,5,0,0,5
compact,0,5,0,0,5
companion,0,5,0,0,5
comparable,0,5,0,0,5
comparative,0,5,0,0,5
compartment,0,5,0,0,5
compass,0,5,0,0,5
compassion,0,5,0,0,5
compatible,0,5,0,0,5
compel,0,5,0,0,5
compelling,0,5,0,0,5
compensation,0,5,0,0,5
competent,0,5,0,0,5
competitive,0,5,0,0,5
complaint,0,5,0,0,5
compliance,0,5,0,0,5
complicate,0,5,0,0,5
complicated,0,5,0,0,5
complication,0,5,0,0,5
compliment,0,5,0,0,5
component,0,5,0,0,5
compose,0,5,0,0,5
composite,0,5,0,0,5
composition,0,5,0,0,5
compound,0,5,0,0,5
comprehend,0,5,0,0,5
comprehension,0,5,0,0,5
compress,0,5,0,0,5
compromise,0,5,0,0,5
compulsory,0,5,0,0,5
comrade,0,5,0,0,5
conceal,0,5,0,0,5
concede,0,5,0,0,5
conceive,0,5,0,0,5
concert,0,5,0,0,5
concession,0,5,0,0,5
concise,0,5,0,0,5
conclusive,0,5,0,0,5
concrete,0,5,0,0,5
condemn,0,5,0,0,5
condense,0,5,0,0,5
conductor,0,5,0,0,5
confer,0,5,0,0,5
confess,0,5,0,0,5
confidence,0,5,0,0,5
confident,0,5,0,0,5
confidential,0,5,0,0,5
conform,0,5,0,0,5
confuse,0,5,0,0,5
confusion,0,5,0,0,5
congratulate,0,5,0,0,5
congratulation,0,5,0,0,5
conjunction,0,5,0,0,5
connotation,0,5,0,0,5
conquer,0,5,0,0,5
conquest,0,5,0,0,5
conscientious,0,5,0,0,5
conscious,0,5,0,0,5
consecutive,0,5,0,0,5
Conservative,0,5,0,0,5
conserve,0,5,0,0,5
considerable,0,5,0,0,5
considerate,0,5,0,0,5
consideration,0,5,0,0,5
consistent,0,5,0,0,5
console,0,5,0,0,5
conspicuous,0,5,0,0,5
conspiracy,0,5,0,0,5
constituent,0,5,0,0,5
constitute,0,5,0,0,5
constitution,0,5,0,0,5
container,0,5,0,0,5
contaminate,0,5,0,0,5
contemplate,0,5,0,0,5
contemporary,0,5,0,0,5
contempt,0,5,0,0,5
contend,0,5,0,0,5
contention,0,5,0,0,5
contest,0,5,0,0,5
continual,0,5,0,0,5
contradict,0,5,0,0,5
contrive,0,5,0,0,5
controversy,0,5,0,0,5
conversely,0,5,0,0,5
conversion,0,5,0,0,5
convert,0,5,0,0,5
convict,0,5,0,0,5
conviction,0,5,0,0,5
convince,0,5,0,0,5
cooperate,0,5,0,0,5
cooperative,0,5,0,0,5
cop,0,5,0,0,5
cord,0,5,0,0,5
cordial,0,5,0,0,5
corn,0,5,0,0,5
corporation,0,5,0,0,5
correct,0,5,0,0,5
correlate,0,5,0,0,5
correspond,0,5,0,0,5
correspondence,0,5,0,0,5
correspondent,0,5,0,0,5
corresponding,0,5,0,0,5
corridor,0,5,0,0,5
corrode,0,5,0,0,5
corrupt,0,5,0,0,5
cosmic,0,5,0,0,5
costume,0,5,0,0,5
cosy,0,5,0,0,5
cottage,0,5,0,0,5
cotton,0,5,0,0,5
couch,0,5,0,0,5
cough,0,5,0,0,5
council,0,5,0,0,5
counsel,0,5,0,0,5
counter,0,5,0,0,5
couple,0,5,0,0,5
coupon,0,5,0,0,5
courage,0,5,0,0,5
courtesy,0,5,0,0,5
cousin,0,5,0,0,5
coverage,0,5,0,0,5
coward,0,5,0,0,5
cradle,0,5,0,0,5
craft,0,5,0,0,5
crane,0,5,0,0,5
crawl,0,5,0,0,5
crazy,0,5,0,0,5
cream,0,5,0,0,5
credential,0,5,0,0,5
credentials,0,5,0,0,5
creep,0,5,0,0,5
crew,0,5,0,0,5
cricket,0,5,0,0,5
cripple,0,5,0,0,5
crisp,0,5,0,0,5
criticize,0,5,0,0,5
crow,0,5,0,0,5
crown,0,5,0,0,5
cruise,0,5,0,0,5
crush,0,5,0,0,5
crust,0,5,0,0,5
crystal,0,5,0,0,5
cube,0,5,0,0,5
cucumber,0,5,0,0,5
cultivate,0,5,0,0,5
cunning,0,5,0,0,5
cupboard,0,5,0,0,5
curl,0,5,0,0,5
currency,0,5,0,0,5
curse,0,5,0,0,5
curtain,0,5,0,0,5
curve,0,5,0,0,5
cushion,0,5,0,0,5
custom,0,5,0,0,5
customary,0,5,0,0,5
cyberspace,0,5,0,0,5
cylinder,0,5,0,0,5
daily,0,5,0,0,5
dairy,0,5,0,0,5
dam,0,5,0,0,5
damn,0,5,0,0,5
damp,0,5,0,0,5
dare,0,5,0,0,5
darling,0,5,0,0,5
datum,0,5,0,0,5
dawn,0,5,0,0,5
daylight,0,5,0,0,5
daytime,0,5,0,0,5
dazzle,0,5,0,0,5
deadline,0,5,0,0,5
deadly,0,5,0,0,5
deaf,0,5,0,0,5
dealer,0,5,0,0,5
death,0,5,0,0,5
deceit,0,5,0,0,5
deceive,0,5,0,0,5
decimal,0,5,0,0,5
decisive,0,5,0,0,5
deck,0,5,0,0,5
declaration,0,5,0,0,5
declare,0,5,0,0,5
decompose,0,5,0,0,5
dedicate,0,5,0,0,5
deduce,0,5,0,0,5
deduct,0,5,0,0,5
deed,0,5,0,0,5
deem,0,5,0,0,5
deer,0,5,0,0,5
defeat,0,5,0,0,5
defect,0,5,0,0,5
defence,0,5,0,0,5
defend,0,5,0,0,5
definite,0,5,0,0,5
deform,0,5,0,0,5
defy,0,5,0,0,5
degenerate,0,5,0,0,5
delay,0,5,0,0,5
delegate,0,5,0,0,5
delete,0,5,0,0,5
deliberate,0,5,0,0,5
delicious,0,5,0,0,5
delight,0,5,0,0,5
democracy,0,5,0,0,5
denial,0,5,0,0,5
denote,0,5,0,0,5
denounce,0,5,0,0,5
dense,0,5,0,0,5
density,0,5,0,0,5
dental,0,5,0,0,5
dentist,0,5,0,0,5
departure,0,5,0,0,5
depict,0,5,0,0,5
deposit,0,5,0,0,5
depress,0,5,0,0,5
deprive,0,5,0,0,5
deride,0,5,0,0,5
descend,0,5,0,0,5
descendant,0,5,0,0,5
descent,0,5,0,0,5
designate,0,5,0,0,5
desirable,0,5,0,0,5
desolate,0,5,0,0,5
despair,0,5,0,0,5
despatch,0,5,0,0,5
desperate,0,5,0,0,5
dessert,0,5,0,0,5
destination,0,5,0,0,5
destiny,0,5,0,0,5
destroy,0,5,0,0,5
destruction,0,5,0,0,5
detach,0,5,0,0,5
detain,0,5,0,0,5
detector,0,5,0,0,5
deviate,0,5,0,0,5
devil,0,5,0,0,5
devise,0,5,0,0,5
devote,0,5,0,0,5
dew,0,5,0,0,5
diagram,0,5,0,0,5
dial,0,5,0,0,5
dialect,0,5,0,0,5
dialog,0,5,0,0,5
diameter,0,5,0,0,5
diamond,0,5,0,0,5
dictate,0,5,0,0,5
dictation,0,5,0,0,5
differentiate,0,5,0,0,5
diffuse,0,5,0,0,5
digest,0,5,0,0,5
dilute,0,5,0,0,5
dim,0,5,0,0,5
dimension,0,5,0,0,5
dine,0,5,0,0,5
diploma,0,5,0,0,5
diplomat,0,5,0,0,5
diplomatic,0,5,0,0,5
directory,0,5,0,0,5
dirt,0,5,0,0,5
disable,0,5,0,0,5
disappear,0,5,0,0,5
disappoint,0,5,0,0,5
disaster,0,5,0,0,5
disastrous,0,5,0,0,5
disc,0,5,0,0,5
discard,0,5,0,0,5
discern,0,5,0,0,5
discharge,0,5,0,0,5
discipline,0,5,0,0,5
disclose,0,5,0,0,5
discourage,0,5,0,0,5
discreet,0,5,0,0,5
discrepancy,0,5,0,0,5
discriminate,0,5,0,0,5
discrimination,0,5,0,0,5
disdain,0,5,0,0,5
disgrace,0,5,0,0,5
disgust,0,5,0,0,5
dislike,0,5,0,0,5
dismay,0,5,0,0,5
displace,0,5,0,0,5
disposal,0,5,0,0,5
dispose,0,5,0,0,5
disposition,0,5,0,0,5
disregard,0,5,0,0,5
disrupt,0,5,0,0,5
dissipate,0,5,0,0,5
dissolve,0,5,0,0,5
distill,0,5,0,0,5
distinct,0,5,0,0,5
distinction,0,5,0,0,5
distract,0,5,0,0,5
disturbance,0,5,0,0,5
ditch,0,5,0,0,5
dive,0,5,0,0,5
diversion,0,5,0,0,5
divert,0,5,0,0,5
dividend,0,5,0,0,5
divine,0,5,0,0,5
divorce,0,5,0,0,5
dizzy,0,5,0,0,5
dock,0,5,0,0,5
doctorate,0,5,0,0,5
document,0,5,0,0,5
doll,0,5,0,0,5
dome,0,5,0,0,5
domestic,0,5,0,0,5
dominant,0,5,0,0,5
donate,0,5,0,0,5
doom,0,5,0,0,5
doorway,0,5,0,0,5
dorm,0,5,0,0,5
dormant,0,5,0,0,5
dose,0,5,0,0,5
dot,0,5,0,0,5
dove,0,5,0,0,5
downstairs,0,5,0,0,5
downtown,0,5,0,0,5
downward,0,5,0,0,5
doze,0,5,0,0,5
draft,0,5,0,0,5
drag,0,5,0,0,5
dramatize,0,5,0,0,5
drastic,0,5,0,0,5
drawback,0,5,0,0,5
drawer,0,5,0,0,5
dread,0,5,0,0,5
dream,0,5,0,0,5
drill,0,5,0,0,5
drip,0,5,0,0,5
drought,0,5,0,0,5
drown,0,5,0,0,5
drug,0,5,0,0,5
drum,0,5,0,0,5
drunk,0,5,0,0,5
duck,0,5,0,0,5
dumb,0,5,0,0,5
dump,0,5,0,0,5
duration,0,5,0,0,5
dusk,0,5,0,0,5
duty,0,5,0,0,5
dwarf,0,5,0,0,5
dwell,0,5,0,0,5
dwelling,0,5,0,0,5
dye,0,5,0,0,5
dynamic,0,5,0,0,5
dynasty,0,5,0,0,5
eager,0,5,0,0,5
earnest,0,5,0,0,5
ease,0,5,0,0,5
Easter,0,5,0,0,5
eastern,0,5,0,0,5
eccentric,0,5,0,0,5
echo,0,5,0,0,5
eclipse,0,5,0,0,5
ecology,0,5,0,0,5
economical,0,5,0,0,5
economics,0,5,0,0,5
edge,0,5,0,0,5
edible,0,5,0,0,5
edition,0,5,0,0,5
educate,0,5,0,0,5
efficiency,0,5,0,0,5
ego,0,5,0,0,5
eighteen,0,5,0,0,5
eighty,0,5,0,0,5
eject,0,5,0,0,5
elaborate,0,5,0,0,5
elapse,0,5,0,0,5
elastic,0,5,0,0,5
elbow,0,5,0,0,5
elder,0,5,0,0,5
elderly,0,5,0,0,5
elect,0,5,0,0,5
electric,0,5,0,0,5
electrician,0,5,0,0,5
electron,0,5,0,0,5
elegant,0,5,0,0,5
element,0,5,0,0,5
elementary,0,5,0,0,5
elevator,0,5,0,0,5
eligible,0,5,0,0,5
elite,0,5,0,0,5
eloquent,0,5,0,0,5
embark,0,5,0,0,5
embarrass,0,5,0,0,5
embassy,0,5,0,0,5
embody,0,5,0,0,5
emigrate,0,5,0,0,5
emit,0,5,0,0,5
empire,0,5,0,0,5
empirical,0,5,0,0,5
encyclopedia,0,5,0,0,5
ending,0,5,0,0,5
endow,0,5,0,0,5
endurance,0,5,0,0,5
endure,0,5,0,0,5
enemy,0,5,0,0,5
energetic,0,5,0,0,5
engine,0,5,0,0,5
engineer,0,5,0,0,5
enlarge,0,5,0,0,5
enlist,0,5,0,0,5
enquire,0,5,0,0,5
entail,0,5,0,0,5
enterprise,0,5,0,0,5
entertain,0,5,0,0,5
entitle,0,5,0,0,5
entity,0,5,0,0,5
entrance,0,5,0,0,5
entrepreneur,0,5,0,0,5
entry,0,5,0,0,5
envelope,0,5,0,0,5
envisage,0,5,0,0,5
envy,0,5,0,0,5
epidemic,0,5,0,0,5
episode,0,5,0,0,5
epoch,0,5,0,0,5
equal,0,5,0,0,5
equality,0,5,0,0,5
equation,0,5,0,0,5
equivalent,0,5,0,0,5
erase,0,5,0,0,5
erect,0,5,0,0,5
erosion,0,5,0,0,5
erroneous,0,5,0,0,5
error,0,5,0,0,5
erupt,0,5,0,0,5
escalate,0,5,0,0,5
escape,0,5,0,0,5
escort,0,5,0,0,5
essay,0,5,0,0,5
essence,0,5,0,0,5
establishment,0,5,0,0,5
esteem,0,5,0,0,5
eternal,0,5,0,0,5
ethnic,0,5,0,0,5
evacuate,0,5,0,0,5
evaluate,0,5,0,0,5
evaporate,0,5,0,0,5
eve,0,5,0,0,5
evil,0,5,0,0,5
evoke,0,5,0,0,5
exceed,0,5,0,0,5
exceedingly,0,5,0,0,5
excel,0,5,0,0,5
excellent,0,5,0,0,5
exceptional,0,5,0,0,5
excerpt,0,5,0,0,5
excess,0,5,0,0,5
excite,0,5,0,0,5
exclaim,0,5,0,0,5
exclusive,0,5,0,0,5
excursion,0,5,0,0,5
execute,0,5,0,0,5
exert,0,5,0,0,5
exhaust,0,5,0,0,5
exile,0,5,0,0,5
existence,0,5,0,0,5
exit,0,5,0,0,5
exotic,0,5,0,0,5
expel,0,5,0,0,5
expend,0,5,0,0,5
expenditure,0,5,0,0,5
expense,0,5,0,0,5
experimental,0,5,0,0,5
expertise,0,5,0,0,5
expire,0,5,0,0,5
explicit,0,5,0,0,5
explode,0,5,0,0,5
exploitation,0,5,0,0,5
explosive,0,5,0,0,5
export,0,5,0,0,5
exquisite,0,5,0,0,5
extension,0,5,0,0,5
exterior,0,5,0,0,5
extinct,0,5,0,0,5
extinguish,0,5,0,0,5
extraordinary,0,5,0,0,5
extravagant,0,5,0,0,5
eyebrow,0,5,0,0,5
fable,0,5,0,0,5
fabric,0,5,0,0,5
fabricate,0,5,0,0,5
fabulous,0,5,0,0,5
facility,0,5,0,0,5
faculty,0,5,0,0,5
fade,0,5,0,0,5
faint,0,5,0,0,5
fairly,0,5,0,0,5
fairy,0,5,0,0,5
faith,0,5,0,0,5
fake,0,5,0,0,5
falter,0,5,0,0,5
fame,0,5,0,0,5
famine,0,5,0,0,5
fan,0,5,0,0,5
fancy,0,5,0,0,5
fantastic,0,5,0,0,5
fare,0,5,0,0,5
farewell,0,5,0,0,5
farmer,0,5,0,0,5
farther,0,5,0,0,5
fascinate,0,5,0,0,5
fashionable,0,5,0,0,5
fasten,0,5,0,0,5
fat,0,5,0,0,5
fatal,0,5,0,0,5
fatigue,0,5,0,0,5
faulty,0,5,0,0,5
favorite,0,5,0,0,5
FAX,0,5,0,0,5
fearful,0,5,0,0,5
feasible,0,5,0,0,5
feast,0,5,0,0,5
feat,0,5,0,0,5
feather,0,5,0,0,5
federation,0,5,0,0,5
fee,0,5,0,0,5
feeble,0,5,0,0,5
feed,0,5,0,0,5
feedback,0,5,0,0,5
fellowship,0,5,0,0,5
female,0,5,0,0,5
feminine,0,5,0,0,5
fence,0,5,0,0,5
ferry,0,5,0,0,5
fertile,0,5,0,0,5
fertilizer,0,5,0,0,5
festival,0,5,0,0,5
fetch,0,5,0,0,5
feudal,0,5,0,0,5
fever,0,5,0,0,5
final,0,5,0,0,5
finally,0,5,0,0,5
finance,0,5,0,0,5
finger,0,5,0,0,5
finite,0,5,0,0,5
fireman,0,5,0,0,5
fireplace,0,5,0,0,5
fisherman,0,5,0,0,5
fist,0,5,0,0,5
fitting,0,5,0,0,5
fix,0,5,0,0,5
fixture,0,5,0,0,5
flame,0,5,0,0,5
flap,0,5,0,0,5
flare,0,5,0,0,5
flash,0,5,0,0,5
flat,0,5,0,0,5
flatter,0,5,0,0,5
flavor,0,5,0,0,5
flee,0,5,0,0,5
fleet,0,5,0,0,5
flesh,0,5,0,0,5
fling,0,5,0,0,5
float,0,5,0,0,5
flock,0,5,0,0,5
flour,0,5,0,0,5
flourish,0,5,0,0,5
flow,0,5,0,0,5
flu,0,5,0,0,5
fluent,0,5,0,0,5
fluid,0,5,0,0,5
flush,0,5,0,0,5
fog,0,5,0,0,5
fold,0,5,0,0,5
folk,0,5,0,0,5
follow,0,5,0,0,5
fond,0,5,0,0,5
foolish,0,5,0,0,5
footstep,0,5,0,0,5
forbid,0,5,0,0,5
fore,0,5,0,0,5
forehead,0,5,0,0,5
foreigner,0,5,0,0,5
foremost,0,5,0,0,5
foresee,0,5,0,0,5
forever,0,5,0,0,5
forfeit,0,5,0,0,5
forgive,0,5,0,0,5
fork,0,5,0,0,5
formation,0,5,0,0,5
former,0,5,0,0,5
formula,0,5,0,0,5
formulate,0,5,0,0,5
formulation,0,5,0,0,5
forth,0,5,0,0,5
forthcoming,0,5,0,0,5
fortnight,0,5,0,0,5
fortunate,0,5,0,0,5
forum,0,5,0,0,5
fossil,0,5,0,0,5
foul,0,5,0,0,5
fountain,0,5,0,0,5
fox,0,5,0,0,5
fraction,0,5,0,0,5
fracture,0,5,0,0,5
fragrant,0,5,0,0,5
framework,0,5,0,0,5
frank,0,5,0,0,5
fraud,0,5,0,0,5
freeze,0,5,0,0,5
freight,0,5,0,0,5
friction,0,5,0,0,5
fright,0,5,0,0,5
frighten,0,5,0,0,5
fringe,0,5,0,0,5
frog,0,5,0,0,5
frontier,0,5,0,0,5
frost,0,5,0,0,5
frown,0,5,0,0,5
fruitful,0,5,0,0,5
frustrate,0,5,0,0,5
fry,0,5,0,0,5
fulfill,0,5,0,0,5
fume,0,5,0,0,5
fundamental,0,5,0,0,5
funeral,0,5,0,0,5
funny,0,5,0,0,5
furious,0,5,0,0,5
furnace,0,5,0,0,5
furnish,0,5,0,0,5
furniture,0,5,0,0,5
furthermore,0,5,0,0,5
fury,0,5,0,0,5
fuse,0,5,0,0,5
fuss,0,5,0,0,5
futile,0,5,0,0,5
futility,0,5,0,0,5
gallery,0,5,0,0,5
gallon,0,5,0,0,5
gallop,0,5,0,0,5
gamble,0,5,0,0,5
gang,0,5,0,0,5
gaol,0,5,0,0,5
gap,0,5,0,0,5
garbage,0,5,0,0,5
garlic,0,5,0,0,5
garment,0,5,0,0,5
gas,0,5,0,0,5
gasoline,0,5,0,0,5
gasp,0,5,0,0,5
gauge,0,5,0,0,5
gay,0,5,0,0,5
gaze,0,5,0,0,5
gear,0,5,0,0,5
gender,0,5,0,0,5
gene,0,5,0,0,5
genealogist,0,5,0,0,5
generalize,0,5,0,0,5
generous,0,5,0,0,5
gentle,0,5,0,0,5
gentleman,0,5,0,0,5
gently,0,5,0,0,5
geography,0,5,0,0,5
geology,0,5,0,0,5
geometry,0,5,0,0,5
germ,0,5,0,0,5
gesture,0,5,0,0,5
ghost,0,5,0,0,5
giant,0,5,0,0,5
gigantic,0,5,0,0,5
giggle,0,5,0,0,5
glamor,0,5,0,0,5
glamour,0,5,0,0,5
glance,0,5,0,0,5
glare,0,5,0,0,5
glide,0,5,0,0,5
glitter,0,5,0,0,5
glory,0,5,0,0,5
glove,0,5,0,0,5
glow,0,5,0,0,5
glue,0,5,0,0,5
goat,0,5,0,0,5
God,0,5,0,0,5
gold,0,5,0,0,5
golf,0,5,0,0,5
goodby,0,5,0,0,5
goodness,0,5,0,0,5
goose,0,5,0,0,5
gorgeous,0,5,0,0,5
gossip,0,5,0,0,5
govern,0,5,0,0,5
gown,0,5,0,0,5
grab,0,5,0,0,5
grace,0,5,0,0,5
graceful,0,5,0,0,5
gracious,0,5,0,0,5
gradual,0,5,0,0,5
grain,0,5,0,0,5
gramme,0,5,0,0,5
grand,0,5,0,0,5
grandmother,0,5,0,0,5
grape,0,5,0,0,5
graph,0,5,0,0,5
graphic,0,5,0,0,5
grasp,0,5,0,0,5
grateful,0,5,0,0,5
gratitude,0,5,0,0,5
gravity,0,5,0,0,5
graze,0,5,0,0,5
grease,0,5,0,0,5
greedy,0,5,0,0,5
greenhouse,0,5,0,0,5
greet,0,5,0,0,5
greeting,0,5,0,0,5
grey,0,5,0,0,5
grief,0,5,0,0,5
grieve,0,5,0,0,5
grim,0,5,0,0,5
grin,0,5,0,0,5
grind,0,5,0,0,5
grip,0,5,0,0,5
groan,0,5,0,0,5
grocer,0,5,0,0,5
grope,0,5,0,0,5
gross,0,5,0,0,5
guarantee,0,5,0,0,5
guilt,0,5,0,0,5
guilty,0,5,0,0,5
guitar,0,5,0,0,5
gulf,0,5,0,0,5
gum,0,5,0,0,5
gun,0,5,0,0,5
gut,0,5,0,0,5
guy,0,5,0,0,5
gymnasium,0,5,0,0,5
hail,0,5,0,0,5
halt,0,5,0,0,5
ham,0,5,0,0,5
hamburger,0,5,0,0,5
hammer,0,5,0,0,5
handbook,0,5,0,0,5
handful,0,5,0,0,5
handicap,0,5,0,0,5
handkerchief,0,5,0,0,5
handsome,0,5,0,0,5
handwriting,0,5,0,0,5
handy,0,5,0,0,5
hang,0,5,0,0,5
harass,0,5,0,0,5
harassment,0,5,0,0,5
harbor,0,5,0,0,5
harden,0,5,0,0,5
hardship,0,5,0,0,5
hardware,0,5,0,0,5
harmony,0,5,0,0,5
harness,0,5,0,0,5
harsh,0,5,0,0,5
haste,0,5,0,0,5
hasty,0,5,0,0,5
hatch,0,5,0,0,5
hate,0,5,0,0,5
hatred,0,5,0,0,5
haul,0,5,0,0,5
hawk,0,5,0,0,5
hay,0,5,0,0,5
headline,0,5,0,0,5
headmaster,0,5,0,0,5
heal,0,5,0,0,5
heap,0,5,0,0,5
hearing,0,5,0,0,5
heave,0,5,0,0,5
heaven,0,5,0,0,5
hedge,0,5,0,0,5
heel,0,5,0,0,5
height,0,5,0,0,5
heighten,0,5,0,0,5
heir,0,5,0,0,5
helicopter,0,5,0,0,5
hell,0,5,0,0,5
helmet,0,5,0,0,5
hemisphere,0,5,0,0,5
hen,0,5,0,0,5
henceforth,0,5,0,0,5
herb,0,5,0,0,5
herd,0,5,0,0,5
hero,0,5,0,0,5
heroin,0,5,0,0,5
heroine,0,5,0,0,5
hierarchy,0,5,0,0,5
highland,0,5,0,0,5
highway,0,5,0,0,5
hijack,0,5,0,0,5
hike,0,5,0,0,5
hinge,0,5,0,0,5
hip,0,5,0,0,5
historic,0,5,0,0,5
hitherto,0,5,0,0,5
hoist,0,5,0,0,5
holder,0,5,0,0,5
hole,0,5,0,0,5
hollow,0,5,0,0,5
holy,0,5,0,0,5
homogeneous,0,5,0,0,5
honest,0,5,0,0,5
honey,0,5,0,0,5
honor,0,5,0,0,5
honorable,0,5,0,0,5
hook,0,5,0,0,5
hop,0,5,0,0,5
horizon,0,5,0,0,5
horizontal,0,5,0,0,5
horrible,0,5,0,0,5
horror,0,5,0,0,5
horsepower,0,5,0,0,5
hose,0,5,0,0,5
hospitality,0,5,0,0,5
hostage,0,5,0,0,5
hostess,0,5,0,0,5
hostile,0,5,0,0,5
hound,0,5,0,0,5
household,0,5,0,0,5
housewife,0,5,0,0,5
housework,0,5,0,0,5
hover,0,5,0,0,5
howl,0,5,0,0,5
huddle,0,5,0,0,5
hug,0,5,0,0,5
humid,0,5,0,0,5
humidity,0,5,0,0,5
humiliate,0,5,0,0,5
humor,0,5,0,0,5
humorous,0,5,0,0,5
hunger,0,5,0,0,5
hurl,0,5,0,0,5
hurricane,0,5,0,0,5
hut,0,5,0,0,5
hydrogen,0,5,0,0,5
hypocrisy,0,5,0,0,5
hypothesis,0,5,0,0,5
hysterical,0,5,0,0,5
identical,0,5,0,0,5
identification,0,5,0,0,5
identity,0,5,0,0,5
ideology,0,5,0,0,5
idiom,0,5,0,0,5
idiot,0,5,0,0,5
idle,0,5,0,0,5
ignorance,0,5,0,0,5
ignorant,0,5,0,0,5
illiterate,0,5,0,0,5
illness,0,5,0,0,5
illuminate,0,5,0,0,5
illusion,0,5,0,0,5
imaginary,0,5,0,0,5
imitate,0,5,0,0,5
immediate,0,5,0,0,5
immense,0,5,0,0,5
immigrant,0,5,0,0,5
impart,0,5,0,0,5
impartial,0,5,0,0,5
impatient,0,5,0,0,5
imperative,0,5,0,0,5
imperial,0,5,0,0,5
implement,0,5,0,0,5
implication,0,5,0,0,5
implicit,0,5,0,0,5
import,0,5,0,0,5
impose,0,5,0,0,5
impress,0,5,0,0,5
impulse,0,5,0,0,5
inaccessible,0,5,0,0,5
inch,0,5,0,0,5
incidence,0,5,0,0,5
incident,0,5,0,0,5
incidentally,0,5,0,0,5
incline,0,5,0,0,5
inclusive,0,5,0,0,5
incredible,0,5,0,0,5
incur,0,5,0,0,5
independence,0,5,0,0,5
independent,0,5,0,0,5
index,0,5,0,0,5
indication,0,5,0,0,5
indicative,0,5,0,0,5
indifferent,0,5,0,0,5
indignant,0,5,0,0,5
indignation,0,5,0,0,5
indoor,0,5,0,0,5
induce,0,5,0,0,5
indulge,0,5,0,0,5
industrial,0,5,0,0,5
industrialize,0,5,0,0,5
inertia,0,5,0,0,5
infancy,0,5,0,0,5
infect,0,5,0,0,5
infection,0,5,0,0,5
infectious,0,5,0,0,5
inference,0,5,0,0,5
inferior,0,5,0,0,5
inflation,0,5,0,0,5
influential,0,5,0,0,5
infrared,0,5,0,0,5
infrastructure,0,5,0,0,5
ingenious,0,5,0,0,5
inhabit,0,5,0,0,5
inhale,0,5,0,0,5
inherent,0,5,0,0,5
inherit,0,5,0,0,5
initiate,0,5,0,0,5
injure,0,5,0,0,5
injury,0,5,0,0,5
ink,0,5,0,0,5
inland,0,5,0,0,5
inlet,0,5,0,0,5
inner,0,5,0,0,5
innocent,0,5,0,0,5
innovate,0,5,0,0,5
innumerable,0,5,0,0,5
input,0,5,0,0,5
inquiry,0,5,0,0,5
insert,0,5,0,0,5
insightful,0,5,0,0,5
inspect,0,5,0,0,5
install,0,5,0,0,5
installation,0,5,0,0,5
installment,0,5,0,0,5
instant,0,5,0,0,5
instantaneous,0,5,0,0,5
instinct,0,5,0,0,5
instrument,0,5,0,0,5
instrumental,0,5,0,0,5
instrumentalist,0,5,0,0,5
insulate,0,5,0,0,5
insure,0,5,0,0,5
intact,0,5,0,0,5
integrity,0,5,0,0,5
intelligent,0,5,0,0,5
intelligible,0,5,0,0,5
intercourse,0,5,0,0,5
interface,0,5,0,0,5
interfere,0,5,0,0,5
interference,0,5,0,0,5
interim,0,5,0,0,5
intermediate,0,5,0,0,5
intermittent,0,5,0,0,5
internal,0,5,0,0,5
interpret,0,5,0,0,5
interrupt,0,5,0,0,5
intersect,0,5,0,0,5
intersection,0,5,0,0,5
interval,0,5,0,0,5
intervene,0,5,0,0,5
interview,0,5,0,0,5
intimate,0,5,0,0,5
intimidate,0,5,0,0,5
intricate,0,5,0,0,5
intrigue,0,5,0,0,5
intriguing,0,5,0,0,5
intrude,0,5,0,0,5
intrusive,0,5,0,0,5
intuition,0,5,0,0,5
invade,0,5,0,0,5
invalid,0,5,0,0,5
invaluable,0,5,0,0,5
invariable,0,5,0,0,5
invariably,0,5,0,0,5
invasion,0,5,0,0,5
inverse,0,5,0,0,5
invert,0,5,0,0,5
invisible,0,5,0,0,5
invitation,0,5,0,0,5
inward,0,5,0,0,5
ironic,0,5,0,0,5
irony,0,5,0,0,5
irrespective,0,5,0,0,5
irrigate,0,5,0,0,5
irritate,0,5,0,0,5
item,0,5,0,0,5
jacket,0,5,0,0,5
jam,0,5,0,0,5
jar,0,5,0,0,5
jargon,0,5,0,0,5
jaw,0,5,0,0,5
jazz,0,5,0,0,5
jealous,0,5,0,0,5
jeans,0,5,0,0,5
jet,0,5,0,0,5
jewel,0,5,0,0,5
jewelry,0,5,0,0,5
jog,0,5,0,0,5
joint,0,5,0,0,5
joke,0,5,0,0,5
jolly,0,5,0,0,5
joy,0,5,0,0,5
judge,0,5,0,0,5
judgement,0,5,0,0,5
judicial,0,5,0,0,5
jug,0,5,0,0,5
junction,0,5,0,0,5
jungle,0,5,0,0,5
junior,0,5,0,0,5
junk,0,5,0,0,5
jury,0,5,0,0,5
juvenile,0,5,0,0,5
kettle,0,5,0,0,5
keyboard,0,5,0,0,5
kick,0,5,0,0,5
kid,0,5,0,0,5
kidnap,0,5,0,0,5
kidney,0,5,0,0,5
kilo,0,5,0,0,5
kilometre,0,5,0,0,5
kin,0,5,0,0,5
kindergarten,0,5,0,0,5
kindness,0,5,0,0,5
kingdom,0,5,0,0,5
kinship,0,5,0,0,5
kiss,0,5,0,0,5
kit,0,5,0,0,5
kite,0,5,0,0,5
knee,0,5,0,0,5
kneel,0,5,0,0,5
knit,0,5,0,0,5
knob,0,5,0,0,5
knot,0,5,0,0,5
lab,0,5,0,0,5
lace,0,5,0,0,5
lad,0,5,0,0,5
lag,0,5,0,0,5
lamb,0,5,0,0,5
lame,0,5,0,0,5
landlady,0,5,0,0,5
landlord,0,5,0,0,5
lane,0,5,0,0,5
lantern,0,5,0,0,5
lap,0,5,0,0,5
lapse,0,5,0,0,5
laptop,0,5,0,0,5
laser,0,5,0,0,5
lash,0,5,0,0,5
lately,0,5,0,0,5
latent,0,5,0,0,5
lateral,0,5,0,0,5
Latin,0,5,0,0,5
latitude,0,5,0,0,5
latter,0,5,0,0,5
laughter,0,5,0,0,5
launch,0,5,0,0,5
laundry,0,5,0,0,5
lavatory,0,5,0,0,5
lawn,0,5,0,0,5
lawyer,0,5,0,0,5
layman,0,5,0,0,5
layoff,0,5,0,0,5
layout,0,5,0,0,5
lazy,0,5,0,0,5
leadership,0,5,0,0,5
leaf,0,5,0,0,5
leaflet,0,5,0,0,5
leak,0,5,0,0,5
lean,0,5,0,0,5
leap,0,5,0,0,5
lease,0,5,0,0,5
leather,0,5,0,0,5
legacy,0,5,0,0,5
leisure,0,5,0,0,5
lemon,0,5,0,0,5
lest,0,5,0,0,5
lever,0,5,0,0,5
liability,0,5,0,0,5
liable,0,5,0,0,5
liberal,0,5,0,0,5
liberty,0,5,0,0,5
license,0,5,0,0,5
lick,0,5,0,0,5
lid,0,5,0,0,5
lifetime,0,5,0,0,5
lightning,0,5,0,0,5
likelihood,0,5,0,0,5
likewise,0,5,0,0,5
limb,0,5,0,0,5
limp,0,5,0,0,5
linen,0,5,0,0,5
liner,0,5,0,0,5
linger,0,5,0,0,5
linguistic,0,5,0,0,5
lion,0,5,0,0,5
lip,0,5,0,0,5
liquid,0,5,0,0,5
liquor,0,5,0,0,5
literate,0,5,0,0,5
literature,0,5,0,0,5
litre,0,5,0,0,5
lively,0,5,0,0,5
liver,0,5,0,0,5
loaf,0,5,0,0,5
lobby,0,5,0,0,5
locality,0,5,0,0,5
locker,0,5,0,0,5
locomotive,0,5,0,0,5
lodge,0,5,0,0,5
lofty,0,5,0,0,5
log,0,5,0,0,5
logic,0,5,0,0,5
longitude,0,5,0,0,5
loop,0,5,0,0,5
loose,0,5,0,0,5
loosen,0,5,0,0,5
lorry,0,5,0,0,5
lottery,0,5,0,0,5
loudspeaker,0,5,0,0,5
lounge,0,5,0,0,5
lover,0,5,0,0,5
loyalty,0,5,0,0,5
lubricate,0,5,0,0,5
luck,0,5,0,0,5
lucky,0,5,0,0,5
luggage,0,5,0,0,5
lumber,0,5,0,0,5
lump,0,5,0,0,5
lunar,0,5,0,0,5
lung,0,5,0,0,5
luxury,0,5,0,0,5
machinery,0,5,0,0,5
mad,0,5,0,0,5
madame,0,5,0,0,5
magistrate,0,5,0,0,5
magnet,0,5,0,0,5
magnetic,0,5,0,0,5
magnify,0,5,0,0,5
magnitude,0,5,0,0,5
maid,0,5,0,0,5
maiden,0,5,0,0,5
maintenance,0,5,0,0,5
majesty,0,5,0,0,5
male,0,5,0,0,5
malfunction,0,5,0,0,5
malign,0,5,0,0,5
malignant,0,5,0,0,5
maltreat,0,5,0,0,5
mammal,0,5,0,0,5
maneuver,0,5,0,0,5
mania,0,5,0,0,5
manifest,0,5,0,0,5
manipulate,0,5,0,0,5
mankind,0,5,0,0,5
manoeuvre,0,5,0,0,5
manufacture,0,5,0,0,5
manuscript,0,5,0,0,5
marine,0,5,0,0,5
marital,0,5,0,0,5
marriage,0,5,0,0,5
married,0,5,0,0,5
marry,0,5,0,0,5
marvelous,0,5,0,0,5
Marxist,0,5,0,0,5
masculine,0,5,0,0,5
mask,0,5,0,0,5
massacre,0,5,0,0,5
master,0,5,0,0,5
mate,0,5,0,0,5
mathematical,0,5,0,0,5
maths,0,5,0,0,5
mature,0,5,0,0,5
maximum,0,5,0,0,5
mayor,0,5,0,0,5
meadow,0,5,0,0,5
meanwhile,0,5,0,0,5
mechanic,0,5,0,0,5
mechanical,0,5,0,0,5
medal,0,5,0,0,5
medical,0,5,0,0,5
medieval,0,5,0,0,5
meditate,0,5,0,0,5
meditation,0,5,0,0,5
melody,0,5,0,0,5
melon,0,5,0,0,5
membership,0,5,0,0,5
memo,0,5,0,0,5
memorial,0,5,0,0,5
memory,0,5,0,0,5
menace,0,5,0,0,5
merchandise,0,5,0,0,5
mercury,0,5,0,0,5
mercy,0,5,0,0,5
merge,0,5,0,0,5
merit,0,5,0,0,5
merry,0,5,0,0,5
mess,0,5,0,0,5
messenger,0,5,0,0,5
metal,0,5,0,0,5
metaphor,0,5,0,0,5
metric,0,5,0,0,5
metropolitan,0,5,0,0,5
microphone,0,5,0,0,5
microscope,0,5,0,0,5
midst,0,5,0,0,5
mild,0,5,0,0,5
mile,0,5,0,0,5
militant,0,5,0,0,5
millimeter,0,5,0,0,5
millionaire,0,5,0,0,5
mingle,0,5,0,0,5
miniature,0,5,0,0,5
minimize,0,5,0,0,5
minimum,0,5,0,0,5
minister,0,5,0,0,5
minor,0,5,0,0,5
minority,0,5,0,0,5
minus,0,5,0,0,5
mischief,0,5,0,0,5
miserable,0,5,0,0,5
misery,0,5,0,0,5
misfortune,0,5,0,0,5
mislead,0,5,0,0,5
missile,0,5,0,0,5
missing,0,5,0,0,5
missionary,0,5,0,0,5
mist,0,5,0,0,5
mistress,0,5,0,0,5
misunderstand,0,5,0,0,5
moan,0,5,0,0,5
mob,0,5,0,0,5
mobile,0,5,0,0,5
mobilize,0,5,0,0,5
mode,0,5,0,0,5
moderate,0,5,0,0,5
modernization,0,5,0,0,5
modest,0,5,0,0,5
modify,0,5,0,0,5
module,0,5,0,0,5
moist,0,5,0,0,5
moisture,0,5,0,0,5
molecule,0,5,0,0,5
momentary,0,5,0,0,5
momentum,0,5,0,0,5
monarch,0,5,0,0,5
monkey,0,5,0,0,5
monopoly,0,5,0,0,5
monotonous,0,5,0,0,5
monster,0,5,0,0,5
monthly,0,5,0,0,5
monument,0,5,0,0,5
mood,0,5,0,0,5
moral,0,5,0,0,5
morality,0,5,0,0,5
mortal,0,5,0,0,5
mortality,0,5,0,0,5
mortgage,0,5,0,0,5
mosaic,0,5,0,0,5
mosquito,0,5,0,0,5
moss,0,5,0,0,5
motel,0,5,0,0,5
motivate,0,5,0,0,5
motive,0,5,0,0,5
motor,0,5,0,0,5
mould,0,5,0,0,5
mourn,0,5,0,0,5
mouse,0,5,0,0,5
movie,0,5,0,0,5
mud,0,5,0,0,5
mug,0,5,0,0,5
multiply,0,5,0,0,5
municipal,0,5,0,0,5
murder,0,5,0,0,5
murmur,0,5,0,0,5
muscle,0,5,0,0,5
muscular,0,5,0,0,5
musical,0,5,0,0,5
mute,0,5,0,0,5
muted,0,5,0,0,5
mutter,0,5,0,0,5
mutton,0,5,0,0,5
mutual,0,5,0,0,5
myth,0,5,0,0,5
naive,0,5,0,0,5
naked,0,5,0,0,5
namely,0,5,0,0,5
nap,0,5,0,0,5
napkin,0,5,0,0,5
nasty,0,5,0,0,5
naughty,0,5,0,0,5
naval,0,5,0,0,5
navy,0,5,0,0,5
neat,0,5,0,0,5
necessitate,0,5,0,0,5
neck,0,5,0,0,5
necklace,0,5,0,0,5
needle,0,5,0,0,5
negative,0,5,0,0,5
negligent,0,5,0,0,5
negligible,0,5,0,0,5
negotiate,0,5,0,0,5
negro,0,5,0,0,5
neighborhood,0,5,0,0,5
nephew,0,5,0,0,5
nerve,0,5,0,0,5
nest,0,5,0,0,5
net,0,5,0,0,5
neurology,0,5,0,0,5
neutral,0,5,0,0,5
nevertheless,0,5,0,0,5
nickel,0,5,0,0,5
nickname,0,5,0,0,5
niece,0,5,0,0,5
nineteen,0,5,0,0,5
nitrogen,0,5,0,0,5
nod,0,5,0,0,5
noisy,0,5,0,0,5
nominal,0,5,0,0,5
nominate,0,5,0,0,5
nonsense,0,5,0,0,5
noodle,0,5,0,0,5
normal,0,5,0,0,5
normalization,0,5,0,0,5
northeast,0,5,0,0,5
northern,0,5,0,0,5
northwest,0,5,0,0,5
notable,0,5,0,0,5
noteworthy,0,5,0,0,5
notify,0,5,0,0,5
notorious,0,5,0,0,5
notwithstanding,0,5,0,0,5
noun,0,5,0,0,5
nourish,0,5,0,0,5
nowadays,0,5,0,0,5
nowhere,0,5,0,0,5
nucleus,0,5,0,0,5
nuisance,0,5,0,0,5
numb,0,5,0,0,5
numerical,0,5,0,0,5
numerous,0,5,0,0,5
nurture,0,5,0,0,5
nut,0,5,0,0,5
nutrition,0,5,0,0,5
nylon,0,5,0,0,5
oak,0,5,0,0,5
oar,0,5,0,0,5
oath,0,5,0,0,5
obedience,0,5,0,0,5
obedient,0,5,0,0,5
obey,0,5,0,0,5
objection,0,5,0,0,5
objective,0,5,0,0,5
obligation,0,5,0,0,5
obsess,0,5,0,0,5
obstinate,0,5,0,0,5
obstruct,0,5,0,0,5
obstruction,0,5,0,0,5
occasional,0,5,0,0,5
occupation,0,5,0,0,5
occur,0,5,0,0,5
occurrence,0,5,0,0,5
odd,0,5,0,0,5
offence,0,5,0,0,5
offend,0,5,0,0,5
offensive,0,5,0,0,5
offset,0,5,0,0,5
offspring,0,5,0,0,5
oil,0,5,0,0,5
okay,0,5,0,0,5
omit,0,5,0,0,5
oneself,0,5,0,0,5
onion,0,5,0,0,5
onto,0,5,0,0,5
opaque,0,5,0,0,5
opera,0,5,0,0,5
operational,0,5,0,0,5
opponent,0,5,0,0,5
oppose,0,5,0,0,5
opposite,0,5,0,0,5
oppress,0,5,0,0,5
opt,0,5,0,0,5
optical,0,5,0,0,5
optimistic,0,5,0,0,5
optimize,0,5,0,0,5
optimum,0,5,0,0,5
option,0,5,0,0,5
optional,0,5,0,0,5
oral,0,5,0,0,5
orbit,0,5,0,0,5
orchard,0,5,0,0,5
orderly,0,5,0,0,5
ore,0,5,0,0,5
organ,0,5,0,0,5
organic,0,5,0,0,5
organism,0,5,0,0,5
orient,0,5,0,0,5
oriental,0,5,0,0,5
orientation,0,5,0,0,5
ornament,0,5,0,0,5
orphan,0,5,0,0,5
orthodox,0,5,0,0,5
ounce,0,5,0,0,5
outbreak,0,5,0,0,5
outdoor,0,5,0,0,5
outer,0,5,0,0,5
outfit,0,5,0,0,5
outing,0,5,0,0,5
outline,0,5,0,0,5
outlook,0,5,0,0,5
output,0,5,0,0,5
outrage,0,5,0,0,5
outset,0,5,0,0,5
outskirts,0,5,0,0,5
outstanding,0,5,0,0,5
outward,0,5,0,0,5
oval,0,5,0,0,5
oven,0,5,0,0,5
overcoat,0,5,0,0,5
overflow,0,5,0,0,5
overhaul,0,5,0,0,5
overhead,0,5,0,0,5
overhear,0,5,0,0,5
overlap,0,5,0,0,5
overlook,0,5,0,0,5
overnight,0,5,0,0,5
overpass,0,5,0,0,5
overseas,0,5,0,0,5
overtake,0,5,0,0,5
overthrow,0,5,0,0,5
overtime,0,5,0,0,5
overturn,0,5,0,0,5
overwhelming,0,5,0,0,5
owing,0,5,0,0,5
owl,0,5,0,0,5
ownership,0,5,0,0,5
ox,0,5,0,0,5
oxide,0,5,0,0,5
oxygen,0,5,0,0,5
ozone,0,5,0,0,5
pace,0,5,0,0,5
pack,0,5,0,0,5
package,0,5,0,0,5
packet,0,5,0,0,5
pact,0,5,0,0,5
pad,0,5,0,0,5
pail,0,5,0,0,5
painful,0,5,0,0,5
pale,0,5,0,0,5
pamphlet,0,5,0,0,5
pan,0,5,0,0,5
panda,0,5,0,0,5
panorama,0,5,0,0,5
pant,0,5,0,0,5
pants,0,5,0,0,5
paperback,0,5,0,0,5
parachute,0,5,0,0,5
parade,0,5,0,0,5
paradigm,0,5,0,0,5
paradoxical,0,5,0,0,5
paralyze,0,5,0,0,5
parameter,0,5,0,0,5
parasite,0,5,0,0,5
parcel,0,5,0,0,5
parliament,0,5,0,0,5
partial,0,5,0,0,5
participant,0,5,0,0,5
particle,0,5,0,0,5
partner,0,5,0,0,5
passenger,0,5,0,0,5
passerby,0,5,0,0,5
passive,0,5,0,0,5
paste,0,5,0,0,5
pastime,0,5,0,0,5
pasture,0,5,0,0,5
patent,0,5,0,0,5
paternal,0,5,0,0,5
pathetic,0,5,0,0,5
patient,0,5,0,0,5
patriotic,0,5,0,0,5
patrol,0,5,0,0,5
patron,0,5,0,0,5
pattern,0,5,0,0,5
pause,0,5,0,0,5
pavement,0,5,0,0,5
paw,0,5,0,0,5
payment,0,5,0,0,5
pea,0,5,0,0,5
peace,0,5,0,0,5
peaceful,0,5,0,0,5
peach,0,5,0,0,5
peanut,0,5,0,0,5
pear,0,5,0,0,5
pearl,0,5,0,0,5
peasant,0,5,0,0,5
pebble,0,5,0,0,5
pedal,0,5,0,0,5
pedestrian,0,5,0,0,5
peel,0,5,0,0,5
peep,0,5,0,0,5
peer,0,5,0,0,5
penalty,0,5,0,0,5
pendulum,0,5,0,0,5
penetrate,0,5,0,0,5
penny,0,5,0,0,5
pension,0,5,0,0,5
pepper,0,5,0,0,5
perception,0,5,0,0,5
perceptual,0,5,0,0,5
perfection,0,5,0,0,5
perfume,0,5,0,0,5
periodical,0,5,0,0,5
perish,0,5,0,0,5
permanent,0,5,0,0,5
permeate,0,5,0,0,5
perpetual,0,5,0,0,5
perplex,0,5,0,0,5
persecute,0,5,0,0,5
perseverance,0,5,0,0,5
persevere,0,5,0,0,5
persist,0,5,0,0,5
personality,0,5,0,0,5
persuasion,0,5,0,0,5
pessimistic,0,5,0,0,5
pest,0,5,0,0,5
pet,0,5,0,0,5
petition,0,5,0,0,5
petrol,0,5,0,0,5
petroleum,0,5,0,0,5
petty,0,5,0,0,5
pharmacy,0,5,0,0,5
phase,0,5,0,0,5
philharmonic,0,5,0,0,5
philosopher,0,5,0,0,5
philosophy,0,5,0,0,5
physician,0,5,0,0,5
physics,0,5,0,0,5
physiological,0,5,0,0,5
pickup,0,5,0,0,5
picnic,0,5,0,0,5
pie,0,5,0,0,5
pierce,0,5,0,0,5
pig,0,5,0,0,5
pigeon,0,5,0,0,5
pile,0,5,0,0,5
pill,0,5,0,0,5
pillar,0,5,0,0,5
pillow,0,5,0,0,5
pilot,0,5,0,0,5
pin,0,5,0,0,5
pine,0,5,0,0,5
pink,0,5,0,0,5
pint,0,5,0,0,5
pipe,0,5,0,0,5
pistol,0,5,0,0,5
piston,0,5,0,0,5
pitch,0,5,0,0,5
plague,0,5,0,0,5
plain,0,5,0,0,5
plantation,0,5,0,0,5
plaster,0,5,0,0,5
plausible,0,5,0,0,5
playground,0,5,0,0,5
plea,0,5,0,0,5
plead,0,5,0,0,5
pleasant,0,5,0,0,5
pledge,0,5,0,0,5
plentiful,0,5,0,0,5
plight,0,5,0,0,5
plot,0,5,0,0,5
plough,0,5,0,0,5
plug,0,5,0,0,5
plumber,0,5,0,0,5
plunge,0,5,0,0,5
plural,0,5,0,0,5
pneumonia,0,5,0,0,5
pocket,0,5,0,0,5
poetry,0,5,0,0,5
poison,0,5,0,0,5
poisonous,0,5,0,0,5
poke,0,5,0,0,5
polar,0,5,0,0,5
polarize,0,5,0,0,5
Pole,0,5,0,0,5
police,0,5,0,0,5
political,0,5,0,0,5
politician,0,5,0,0,5
pollute,0,5,0,0,5
pond,0,5,0,0,5
pope,0,5,0,0,5
population,0,5,0,0,5
porcelain,0,5,0,0,5
porch,0,5,0,0,5
port,0,5,0,0,5
porter,0,5,0,0,5
portion,0,5,0,0,5
pose,0,5,0,0,5
positive,0,5,0,0,5
possession,0,5,0,0,5
postage,0,5,0,0,5
postcard,0,5,0,0,5
poster,0,5,0,0,5
postman,0,5,0,0,5
posture,0,5,0,0,5
pot,0,5,0,0,5
poultry,0,5,0,0,5
pound,0,5,0,0,5
pour,0,5,0,0,5
poverty,0,5,0,0,5
powder,0,5,0,0,5
practically,0,5,0,0,5
practise,0,5,0,0,5
practitioner,0,5,0,0,5
praise,0,5,0,0,5
prayer,0,5,0,0,5
preach,0,5,0,0,5
precaution,0,5,0,0,5
precede,0,5,0,0,5
precedent,0,5,0,0,5
preceding,0,5,0,0,5
precise,0,5,0,0,5
precision,0,5,0,0,5
predominant,0,5,0,0,5
preface,0,5,0,0,5
preferable,0,5,0,0,5
pregnant,0,5,0,0,5
prejudice,0,5,0,0,5
preliminary,0,5,0,0,5
premier,0,5,0,0,5
premium,0,5,0,0,5
preoccupation,0,5,0,0,5
preparation,0,5,0,0,5
preposition,0,5,0,0,5
prescribe,0,5,0,0,5
prescription,0,5,0,0,5
presence,0,5,0,0,5
presently,0,5,0,0,5
preside,0,5,0,0,5
prestigious,0,5,0,0,5
presume,0,5,0,0,5
pretend,0,5,0,0,5
pretext,0,5,0,0,5
pretty,0,5,0,0,5
prevail,0,5,0,0,5
prevalent,0,5,0,0,5
prey,0,5,0,0,5
prick,0,5,0,0,5
priest,0,5,0,0,5
prime,0,5,0,0,5
primitive,0,5,0,0,5
prince,0,5,0,0,5
princess,0,5,0,0,5
principal,0,5,0,0,5
priority,0,5,0,0,5
prison,0,5,0,0,5
prisoner,0,5,0,0,5
privilege,0,5,0,0,5
probability,0,5,0,0,5
probable,0,5,0,0,5
probe,0,5,0,0,5
proceed,0,5,0,0,5
proceeding,0,5,0,0,5
procession,0,5,0,0,5
proclaim,0,5,0,0,5
productive,0,5,0,0,5
proficiency,0,5,0,0,5
profile,0,5,0,0,5
progressive,0,5,0,0,5
prohibit,0,5,0,0,5
projector,0,5,0,0,5
prolong,0,5,0,0,5
pronoun,0,5,0,0,5
pronounce,0,5,0,0,5
pronunciation,0,5,0,0,5
proof,0,5,0,0,5
propaganda,0,5,0,0,5
property,0,5,0,0,5
proportion,0,5,0,0,5
proposition,0,5,0,0,5
prose,0,5,0,0,5
prosecute,0,5,0,0,5
prosecutor,0,5,0,0,5
prospective,0,5,0,0,5
prosper,0,5,0,0,5
prosperous,0,5,0,0,5
protein,0,5,0,0,5
prototype,0,5,0,0,5
province,0,5,0,0,5
provocation,0,5,0,0,5
provoke,0,5,0,0,5
prudence,0,5,0,0,5
prudent,0,5,0,0,5
pub,0,5,0,0,5
publicity,0,5,0,0,5
publicize,0,5,0,0,5
puff,0,5,0,0,5
pump,0,5,0,0,5
punctual,0,5,0,0,5
puppet,0,5,0,0,5
pure,0,5,0,0,5
purify,0,5,0,0,5
purple,0,5,0,0,5
purse,0,5,0,0,5
puzzle,0,5,0,0,5
pyramid,0,5,0,0,5
qualification,0,5,0,0,5
qualify,0,5,0,0,5
qualitative,0,5,0,0,5
quantify,0,5,0,0,5
quantitative,0,5,0,0,5
quantity,0,5,0,0,5
quart,0,5,0,0,5
quarterly,0,5,0,0,5
quartz,0,5,0,0,5
queen,0,5,0,0,5
queer,0,5,0,0,5
quench,0,5,0,0,5
quest,0,5,0,0,5
questionable,0,5,0,0,5
questionnaire,0,5,0,0,5
queue,0,5,0,0,5
quilt,0,5,0,0,5
quirk,0,5,0,0,5
quit,0,5,0,0,5
quiver,0,5,0,0,5
quiz,0,5,0,0,5
quota,0,5,0,0,5
quote,0,5,0,0,5
rabbit,0,5,0,0,5
racial,0,5,0,0,5
rack,0,5,0,0,5
racket,0,5,0,0,5
radiant,0,5,0,0,5
radiate,0,5,0,0,5
radiation,0,5,0,0,5
radically,0,5,0,0,5
radioactive,0,5,0,0,5
radius,0,5,0,0,5
rag,0,5,0,0,5
rage,0,5,0,0,5
raid,0,5,0,0,5
rail,0,5,0,0,5
railroad,0,5,0,0,5
rainbow,0,5,0,0,5
rank,0,5,0,0,5
rap,0,5,0,0,5
rape,0,5,0,0,5
rapid,0,5,0,0,5
rarely,0,5,0,0,5
rash,0,5,0,0,5
rational,0,5,0,0,5
ray,0,5,0,0,5
razor,0,5,0,0,5
reader,0,5,0,0,5
readily,0,5,0,0,5
realise,0,5,0,0,5
reassurance,0,5,0,0,5
reassure,0,5,0,0,5
rebel,0,5,0,0,5
rebellion,0,5,0,0,5
recede,0,5,0,0,5
reception,0,5,0,0,5
recession,0,5,0,0,5
recipient,0,5,0,0,5
reciprocal,0,5,0,0,5
recite,0,5,0,0,5
reckless,0,5,0,0,5
reckon,0,5,0,0,5
recollect,0,5,0,0,5
reconcile,0,5,0,0,5
recorder,0,5,0,0,5
recovery,0,5,0,0,5
recreation,0,5,0,0,5
recruit,0,5,0,0,5
rectify,0,5,0,0,5
recur,0,5,0,0,5
recurrence,0,5,0,0,5
recurrent,0,5,0,0,5
recycle,0,5,0,0,5
redundancy,0,5,0,0,5
redundant,0,5,0,0,5
reed,0,5,0,0,5
reel,0,5,0,0,5
referee,0,5,0,0,5
refine,0,5,0,0,5
reflection,0,5,0,0,5
refrain,0,5,0,0,5
refresh,0,5,0,0,5
refugee,0,5,0,0,5
refund,0,5,0,0,5
refusal,0,5,0,0,5
refute,0,5,0,0,5
regenerate,0,5,0,0,5
reign,0,5,0,0,5
reject,0,5,0,0,5
relative,0,5,0,0,5
relativity,0,5,0,0,5
relax,0,5,0,0,5
relay,0,5,0,0,5
reliable,0,5,0,0,5
relief,0,5,0,0,5
relieve,0,5,0,0,5
religion,0,5,0,0,5
religious,0,5,0,0,5
remainder,0,5,0,0,5
remark,0,5,0,0,5
remedy,0,5,0,0,5
remind,0,5,0,0,5
remnant,0,5,0,0,5
removal,0,5,0,0,5
renaissance,0,5,0,0,5
renew,0,5,0,0,5
renovate,0,5,0,0,5
repay,0,5,0,0,5
repeatedly,0,5,0,0,5
repel,0,5,0,0,5
repent,0,5,0,0,5
repertoire,0,5,0,0,5
repetition,0,5,0,0,5
replacement,0,5,0,0,5
reply,0,5,0,0,5
reporter,0,5,0,0,5
repress,0,5,0,0,5
repression,0,5,0,0,5
repressive,0,5,0,0,5
reproach,0,5,0,0,5
reproduce,0,5,0,0,5
reptile,0,5,0,0,5
republican,0,5,0,0,5
rescue,0,5,0,0,5
resemblance,0,5,0,0,5
resemble,0,5,0,0,5
resent,0,5,0,0,5
reservation,0,5,0,0,5
reservoir,0,5,0,0,5
residence,0,5,0,0,5
resident,0,5,0,0,5
resign,0,5,0,0,5
resistance,0,5,0,0,5
resistant,0,5,0,0,5
resolute,0,5,0,0,5
resolution,0,5,0,0,5
resort,0,5,0,0,5
resource,0,5,0,0,5
respective,0,5,0,0,5
responsible,0,5,0,0,5
restless,0,5,0,0,5
restrain,0,5,0,0,5
resultant,0,5,0,0,5
retail,0,5,0,0,5
retain,0,5,0,0,5
retention,0,5,0,0,5
retort,0,5,0,0,5
retreat,0,5,0,0,5
retrospect,0,5,0,0,5
retrospection,0,5,0,0,5
retrospective,0,5,0,0,5
revelation,0,5,0,0,5
revenge,0,5,0,0,5
reverse,0,5,0,0,5
revise,0,5,0,0,5
revolt,0,5,0,0,5
revolution,0,5,0,0,5
rhythm,0,5,0,0,5
rib,0,5,0,0,5
ribbon,0,5,0,0,5
riddle,0,5,0,0,5
ridge,0,5,0,0,5
ridiculous,0,5,0,0,5
rifle,0,5,0,0,5
rigid,0,5,0,0,5
rigorous,0,5,0,0,5
rigour,0,5,0,0,5
rim,0,5,0,0,5
riot,0,5,0,0,5
ripe,0,5,0,0,5
ritual,0,5,0,0,5
rival,0,5,0,0,5
roar,0,5,0,0,5
roast,0,5,0,0,5
robe,0,5,0,0,5
robot,0,5,0,0,5
rod,0,5,0,0,5
roll,0,5,0,0,5
romance,0,5,0,0,5
romantic,0,5,0,0,5
roof,0,5,0,0,5
rope,0,5,0,0,5
rot,0,5,0,0,5
rotary,0,5,0,0,5
rotate,0,5,0,0,5
rotten,0,5,0,0,5
rough,0,5,0,0,5
roundabout,0,5,0,0,5
rouse,0,5,0,0,5
routine,0,5,0,0,5
row,0,5,0,0,5
royalty,0,5,0,0,5
rub,0,5,0,0,5
rubber,0,5,0,0,5
rubbish,0,5,0,0,5
ruby,0,5,0,0,5
rude,0,5,0,0,5
rug,0,5,0,0,5
ruin,0,5,0,0,5
ruler,0,5,0,0,5
rumor,0,5,0,0,5
rural,0,5,0,0,5
rut,0,5,0,0,5
ruthless,0,5,0,0,5
sack,0,5,0,0,5
sacred,0,5,0,0,5
sacrifice,0,5,0,0,5
saddle,0,5,0,0,5
sailor,0,5,0,0,5
Saint,0,5,0,0,5
salad,0,5,0,0,5
salesman,0,5,0,0,5
saliva,0,5,0,0,5
salt,0,5,0,0,5
salute,0,5,0,0,5
salvation,0,5,0,0,5
sandwich,0,5,0,0,5
sane,0,5,0,0,5
sarcasm,0,5,0,0,5
sarcastic,0,5,0,0,5
satire,0,5,0,0,5
satisfaction,0,5,0,0,5
satisfactory,0,5,0,0,5
saturate,0,5,0,0,5
sauce,0,5,0,0,5
saucer,0,5,0,0,5
sausage,0,5,0,0,5
savage,0,5,0,0,5
scan,0,5,0,0,5
scandal,0,5,0,0,5
scarcely,0,5,0,0,5
scare,0,5,0,0,5
scarf,0,5,0,0,5
scatter,0,5,0,0,5
scenery,0,5,0,0,5
scent,0,5,0,0,5
sceptical,0,5,0,0,5
schedule,0,5,0,0,5
scholarship,0,5,0,0,5
scissors,0,5,0,0,5
scold,0,5,0,0,5
scorn,0,5,0,0,5
scout,0,5,0,0,5
scramble,0,5,0,0,5
scrape,0,5,0,0,5
scratch,0,5,0,0,5
scream,0,5,0,0,5
screen,0,5,0,0,5
screw,0,5,0,0,5
scrutinize,0,5,0,0,5
scrutiny,0,5,0,0,5
seal,0,5,0,0,5
seam,0,5,0,0,5
seaside,0,5,0,0,5
secondary,0,5,0,0,5
secular,0,5,0,0,5
seed,0,5,0,0,5
segment,0,5,0,0,5
segregate,0,5,0,0,5
selection,0,5,0,0,5
self,0,5,0,0,5
selfish,0,5,0,0,5
semester,0,5,0,0,5
semiconductor,0,5,0,0,5
seminar,0,5,0,0,5
sensation,0,5,0,0,5
sentence,0,5,0,0,5
sentimental,0,5,0,0,5
serial,0,5,0,0,5
sermon,0,5,0,0,5
servant,0,5,0,0,5
session,0,5,0,0,5
setback,0,5,0,0,5
sew,0,5,0,0,5
sex,0,5,0,0,5
shabby,0,5,0,0,5
shade,0,5,0,0,5
shadow,0,5,0,0,5
shady,0,5,0,0,5
shaft,0,5,0,0,5
shake,0,5,0,0,5
sham,0,5,0,0,5
shampoo,0,5,0,0,5
shark,0,5,0,0,5
sharp,0,5,0,0,5
shatter,0,5,0,0,5
shave,0,5,0,0,5
shear,0,5,0,0,5
shed,0,5,0,0,5
sheet,0,5,0,0,5
shelf,0,5,0,0,5
shell,0,5,0,0,5
shelter,0,5,0,0,5
shepherd,0,5,0,0,5
shilling,0,5,0,0,5
shipment,0,5,0,0,5
shiver,0,5,0,0,5
shock,0,5,0,0,5
shopkeeper,0,5,0,0,5
shore,0,5,0,0,5
shortcoming,0,5,0,0,5
shorthand,0,5,0,0,5
shortly,0,5,0,0,5
shove,0,5,0,0,5
shower,0,5,0,0,5
shrewd,0,5,0,0,5
shrug,0,5,0,0,5
shut,0,5,0,0,5
shuttle,0,5,0,0,5
shy,0,5,0,0,5
sideways,0,5,0,0,5
siege,0,5,0,0,5
sigh,0,5,0,0,5
sightseeing,0,5,0,0,5
signify,0,5,0,0,5
silence,0,5,0,0,5
silent,0,5,0,0,5
silly,0,5,0,0,5
silver,0,5,0,0,5
simplicity,0,5,0,0,5
simultaneous,0,5,0,0,5
sin,0,5,0,0,5
sincere,0,5,0,0,5
singular,0,5,0,0,5
sip,0,5,0,0,5
siren,0,5,0,0,5
situated,0,5,0,0,5
skate,0,5,0,0,5
skeleton,0,5,0,0,5
skeptic,0,5,0,0,5
skeptical,0,5,0,0,5
sketch,0,5,0,0,5
ski,0,5,0,0,5
skill,0,5,0,0,5
skillful,0,5,0,0,5
skim,0,5,0,0,5
skull,0,5,0,0,5
skyscraper,0,5,0,0,5
slam,0,5,0,0,5
slap,0,5,0,0,5
slaughter,0,5,0,0,5
slave,0,5,0,0,5
sleeve,0,5,0,0,5
slender,0,5,0,0,5
slice,0,5,0,0,5
slight,0,5,0,0,5
slim,0,5,0,0,5
slipper,0,5,0,0,5
slippery,0,5,0,0,5
slit,0,5,0,0,5
slope,0,5,0,0,5
slot,0,5,0,0,5
slum,0,5,0,0,5
sly,0,5,0,0,5
smart,0,5,0,0,5
smash,0,5,0,0,5
smog,0,5,0,0,5
smooth,0,5,0,0,5
smuggle,0,5,0,0,5
snack,0,5,0,0,5
snake,0,5,0,0,5
snatch,0,5,0,0,5
sneak,0,5,0,0,5
sneeze,0,5,0,0,5
sniff,0,5,0,0,5
snob,0,5,0,0,5
snowstorm,0,5,0,0,5
soak,0,5,0,0,5
soap,0,5,0,0,5
soar,0,5,0,0,5
soaring,0,5,0,0,5
sob,0,5,0,0,5
sober,0,5,0,0,5
soccer,0,5,0,0,5
sociable,0,5,0,0,5
socialism,0,5,0,0,5
sociology,0,5,0,0,5
sock,0,5,0,0,5
soda,0,5,0,0,5
sofa,0,5,0,0,5
soft,0,5,0,0,5
soil,0,5,0,0,5
sole,0,5,0,0,5
solemn,0,5,0,0,5
solid,0,5,0,0,5
solidarity,0,5,0,0,5
solitary,0,5,0,0,5
solitude,0,5,0,0,5
solo,0,5,0,0,5
soluble,0,5,0,0,5
somehow,0,5,0,0,5
sometime,0,5,0,0,5
sophomore,0,5,0,0,5
sore,0,5,0,0,5
sorrow,0,5,0,0,5
sort,0,5,0,0,5
soup,0,5,0,0,5
sour,0,5,0,0,5
southeast,0,5,0,0,5
southwest,0,5,0,0,5
sovereign,0,5,0,0,5
sow,0,5,0,0,5
spacecraft,0,5,0,0,5
spaceship,0,5,0,0,5
spacious,0,5,0,0,5
spade,0,5,0,0,5
span,0,5,0,0,5
sparkle,0,5,0,0,5
speaker,0,5,0,0,5
spear,0,5,0,0,5
specialist,0,5,0,0,5
speciality,0,5,0,0,5
specification,0,5,0,0,5
specify,0,5,0,0,5
specimen,0,5,0,0,5
spectacle,0,5,0,0,5
spectacular,0,5,0,0,5
spectator,0,5,0,0,5
spectrum,0,5,0,0,5
speculate,0,5,0,0,5
spell,0,5,0,0,5
spelling,0,5,0,0,5
sphere,0,5,0,0,5
spicy,0,5,0,0,5
spider,0,5,0,0,5
spill,0,5,0,0,5
spin,0,5,0,0,5
spine,0,5,0,0,5
spiral,0,5,0,0,5
spit,0,5,0,0,5
splash,0,5,0,0,5
splendid,0,5,0,0,5
spoil,0,5,0,0,5
spokesman,0,5,0,0,5
sponge,0,5,0,0,5
spontaneous,0,5,0,0,5
spoon,0,5,0,0,5
sportsman,0,5,0,0,5
spouse,0,5,0,0,5
spray,0,5,0,0,5
sprinkle,0,5,0,0,5
sprout,0,5,0,0,5
spur,0,5,0,0,5
square,0,5,0,0,5
squeeze,0,5,0,0,5
squirrel,0,5,0,0,5
stab,0,5,0,0,5
stability,0,5,0,0,5
stack,0,5,0,0,5
stadium,0,5,0,0,5
stagger,0,5,0,0,5
staggering,0,5,0,0,5
stain,0,5,0,0,5
stair,0,5,0,0,5
staircase,0,5,0,0,5
stale,0,5,0,0,5
stalk,0,5,0,0,5
stall,0,5,0,0,5
standpoint,0,5,0,0,5
staple,0,5,0,0,5
startle,0,5,0,0,5
statesman,0,5,0,0,5
static,0,5,0,0,5
stationary,0,5,0,0,5
stationery,0,5,0,0,5
statistical,0,5,0,0,5
statistics,0,5,0,0,5
statue,0,5,0,0,5
statute,0,5,0,0,5
steady,0,5,0,0,5
steak,0,5,0,0,5
steam,0,5,0,0,5
steamer,0,5,0,0,5
steep,0,5,0,0,5
stereo,0,5,0,0,5
stereotyped,0,5,0,0,5
stern,0,5,0,0,5
steward,0,5,0,0,5
sticky,0,5,0,0,5
stiff,0,5,0,0,5
sting,0,5,0,0,5
stitch,0,5,0,0,5
stocking,0,5,0,0,5
stomach,0,5,0,0,5
stool,0,5,0,0,5
stoop,0,5,0,0,5
storage,0,5,0,0,5
storey,0,5,0,0,5
stove,0,5,0,0,5
straightforward,0,5,0,0,5
stranger,0,5,0,0,5
strap,0,5,0,0,5
straw,0,5,0,0,5
strawberry,0,5,0,0,5
streamline,0,5,0,0,5
strength,0,5,0,0,5
strenuous,0,5,0,0,5
stride,0,5,0,0,5
strife,0,5,0,0,5
strike,0,5,0,0,5
string,0,5,0,0,5
stripe,0,5,0,0,5
stroke,0,5,0,0,5
stroll,0,5,0,0,5
stubborn,0,5,0,0,5
stumble,0,5,0,0,5
stun,0,5,0,0,5
stupid,0,5,0,0,5
sturdy,0,5,0,0,5
subjective,0,5,0,0,5
submerge,0,5,0,0,5
submit,0,5,0,0,5
subordinate,0,5,0,0,5
subscribe,0,5,0,0,5
subsidiary,0,5,0,0,5
subsidize,0,5,0,0,5
subsidy,0,5,0,0,5
substance,0,5,0,0,5
substantial,0,5,0,0,5
substitute,0,5,0,0,5
subtle,0,5,0,0,5
subtract,0,5,0,0,5
suburb,0,5,0,0,5
subway,0,5,0,0,5
succeed,0,5,0,0,5
successive,0,5,0,0,5
successor,0,5,0,0,5
suck,0,5,0,0,5
sue,0,5,0,0,5
suffice,0,5,0,0,5
sufficiency,0,5,0,0,5
suicide,0,5,0,0,5
suite,0,5,0,0,5
sulfur,0,5,0,0,5
summary,0,5,0,0,5
summit,0,5,0,0,5
summon,0,5,0,0,5
sunrise,0,5,0,0,5
sunset,0,5,0,0,5
sunshine,0,5,0,0,5
super,0,5,0,0,5
superb,0,5,0,0,5
superficial,0,5,0,0,5
superfluous,0,5,0,0,5
superior,0,5,0,0,5
superiority,0,5,0,0,5
supersonic,0,5,0,0,5
superstition,0,5,0,0,5
superstitious,0,5,0,0,5
supervise,0,5,0,0,5
supplement,0,5,0,0,5
surgeon,0,5,0,0,5
surname,0,5,0,0,5
surplus,0,5,0,0,5
surround,0,5,0,0,5
survival,0,5,0,0,5
susceptible,0,5,0,0,5
suspect,0,5,0,0,5
sustain,0,5,0,0,5
swallow,0,5,0,0,5
swamp,0,5,0,0,5
swan,0,5,0,0,5
swarm,0,5,0,0,5
swear,0,5,0,0,5
sweat,0,5,0,0,5
sweater,0,5,0,0,5
sweep,0,5,0,0,5
swell,0,5,0,0,5
swift,0,5,0,0,5
symmetry,0,5,0,0,5
sympathize,0,5,0,0,5
symposium,0,5,0,0,5
symptom,0,5,0,0,5
synchronize,0,5,0,0,5
syndrome,0,5,0,0,5
synthesis,0,5,0,0,5
synthetic,0,5,0,0,5
tablet,0,5,0,0,5
taboo,0,5,0,0,5
tag,0,5,0,0,5
tail,0,5,0,0,5
tan,0,5,0,0,5
tangle,0,5,0,0,5
tank,0,5,0,0,5
tanker,0,5,0,0,5
tap,0,5,0,0,5
tape,0,5,0,0,5
tar,0,5,0,0,5
tariff,0,5,0,0,5
taste,0,5,0,0,5
tear,0,5,0,0,5
tease,0,5,0,0,5
technician,0,5,0,0,5
tedious,0,5,0,0,5
teenager,0,5,0,0,5
telegram,0,5,0,0,5
telegraph,0,5,0,0,5
temper,0,5,0,0,5
temperament,0,5,0,0,5
temperamental,0,5,0,0,5
temple,0,5,0,0,5
tempo,0,5,0,0,5
temporary,0,5,0,0,5
tempt,0,5,0,0,5
temptation,0,5,0,0,5
tenant,0,5,0,0,5
tendency,0,5,0,0,5
tender,0,5,0,0,5
tension,0,5,0,0,5
tent,0,5,0,0,5
tentative,0,5,0,0,5
terminal,0,5,0,0,5
terminate,0,5,0,0,5
terrible,0,5,0,0,5
terrific,0,5,0,0,5
terrify,0,5,0,0,5
testify,0,5,0,0,5
texture,0,5,0,0,5
thanksgiving,0,5,0,0,5
theater,0,5,0,0,5
theological,0,5,0,0,5
theoretical,0,5,0,0,5
therapy,0,5,0,0,5
thereafter,0,5,0,0,5
thereby,0,5,0,0,5
thermal,0,5,0,0,5
thermometer,0,5,0,0,5
thesis,0,5,0,0,5
thigh,0,5,0,0,5
thirst,0,5,0,0,5
thorn,0,5,0,0,5
thorough,0,5,0,0,5
thoughtful,0,5,0,0,5
thread,0,5,0,0,5
threaten,0,5,0,0,5
thrift,0,5,0,0,5
thriftless,0,5,0,0,5
thrifty,0,5,0,0,5
thrill,0,5,0,0,5
throat,0,5,0,0,5
throne,0,5,0,0,5
thrust,0,5,0,0,5
thumb,0,5,0,0,5
thunder,0,5,0,0,5
tick,0,5,0,0,5
tide,0,5,0,0,5
tidy,0,5,0,0,5
tie,0,5,0,0,5
tiger,0,5,0,0,5
tight,0,5,0,0,5
tile,0,5,0,0,5
tilt,0,5,0,0,5
timber,0,5,0,0,5
timely,0,5,0,0,5
timid,0,5,0,0,5
tire,0,5,0,0,5
tiresome,0,5,0,0,5
tissue,0,5,0,0,5
toast,0,5,0,0,5
tobacco,0,5,0,0,5
toe,0,5,0,0,5
toilet,0,5,0,0,5
token,0,5,0,0,5
tolerance,0,5,0,0,5
tolerant,0,5,0,0,5
tolerate,0,5,0,0,5
toll,0,5,0,0,5
tomato,0,5,0,0,5
tone,0,5,0,0,5
tongue,0,5,0,0,5
topic,0,5,0,0,5
torch,0,5,0,0,5
torment,0,5,0,0,5
torrent,0,5,0,0,5
torture,0,5,0,0,5
toss,0,5,0,0,5
touch,0,5,0,0,5
tough,0,5,0,0,5
tour,0,5,0,0,5
tournament,0,5,0,0,5
tow,0,5,0,0,5
toward,0,5,0,0,5
towel,0,5,0,0,5
tower,0,5,0,0,5
toxic,0,5,0,0,5
toy,0,5,0,0,5
tractor,0,5,0,0,5
trademark,0,5,0,0,5
tradition,0,5,0,0,5
traffic,0,5,0,0,5
tragic,0,5,0,0,5
trail,0,5,0,0,5
traitor,0,5,0,0,5
tram,0,5,0,0,5
tramp,0,5,0,0,5
transaction,0,5,0,0,5
transcendent,0,5,0,0,5
transcendental,0,5,0,0,5
transient,0,5,0,0,5
transistor,0,5,0,0,5
translate,0,5,0,0,5
transmission,0,5,0,0,5
transmit,0,5,0,0,5
transparent,0,5,0,0,5
transplant,0,5,0,0,5
transport,0,5,0,0,5
tray,0,5,0,0,5
treason,0,5,0,0,5
tremble,0,5,0,0,5
tremendous,0,5,0,0,5
triangle,0,5,0,0,5
tribe,0,5,0,0,5
tribute,0,5,0,0,5
trick,0,5,0,0,5
trifle,0,5,0,0,5
trim,0,5,0,0,5
triple,0,5,0,0,5
trolley,0,5,0,0,5
troop,0,5,0,0,5
tropic,0,5,0,0,5
tropical,0,5,0,0,5
troublesome,0,5,0,0,5
troupe,0,5,0,0,5
trousers,0,5,0,0,5
truck,0,5,0,0,5
trumpet,0,5,0,0,5
trunk,0,5,0,0,5
truth,0,5,0,0,5
tub,0,5,0,0,5
tube,0,5,0,0,5
tuck,0,5,0,0,5
tug,0,5,0,0,5
tuition,0,5,0,0,5
tumble,0,5,0,0,5
tumour,0,5,0,0,5
tunnel,0,5,0,0,5
turbine,0,5,0,0,5
turbulent,0,5,0,0,5
turkey,0,5,0,0,5
turnover,0,5,0,0,5
tutor,0,5,0,0,5
twin,0,5,0,0,5
twinkle,0,5,0,0,5
twist,0,5,0,0,5
typewriter,0,5,0,0,5
typhoon,0,5,0,0,5
typist,0,5,0,0,5
ugly,0,5,0,0,5
ultimate,0,5,0,0,5
ultraviolet,0,5,0,0,5
unanimous,0,5,0,0,5
underlie,0,5,0,0,5
underlying,0,5,0,0,5
underneath,0,5,0,0,5
undertake,0,5,0,0,5
undesirable,0,5,0,0,5
undo,0,5,0,0,5
uneasy,0,5,0,0,5
unemployment,0,5,0,0,5
uniform,0,5,0,0,5
unify,0,5,0,0,5
unit,0,5,0,0,5
unite,0,5,0,0,5
unity,0,5,0,0,5
universe,0,5,0,0,5
unload,0,5,0,0,5
uphold,0,5,0,0,5
upper,0,5,0,0,5
upright,0,5,0,0,5
uproar,0,5,0,0,5
upset,0,5,0,0,5
upstairs,0,5,0,0,5
upward,0,5,0,0,5
urban,0,5,0,0,5
usage,0,5,0,0,5
usual,0,5,0,0,5
utilize,0,5,0,0,5
utter,0,5,0,0,5
vacant,0,5,0,0,5
vacuum,0,5,0,0,5
vague,0,5,0,0,5
vain,0,5,0,0,5
valid,0,5,0,0,5
valve,0,5,0,0,5
vanish,0,5,0,0,5
vanity,0,5,0,0,5
vapour,0,5,0,0,5
variable,0,5,0,0,5
variation,0,5,0,0,5
vary,0,5,0,0,5
vase,0,5,0,0,5
vegetation,0,5,0,0,5
veil,0,5,0,0,5
vein,0,5,0,0,5
velocity,0,5,0,0,5
velvet,0,5,0,0,5
ventilate,0,5,0,0,5
venture,0,5,0,0,5
verb,0,5,0,0,5
verbal,0,5,0,0,5
verdict,0,5,0,0,5
verge,0,5,0,0,5
verify,0,5,0,0,5
versatile,0,5,0,0,5
verse,0,5,0,0,5
versus,0,5,0,0,5
vertical,0,5,0,0,5
vessel,0,5,0,0,5
vest,0,5,0,0,5
veto,0,5,0,0,5
vibrate,0,5,0,0,5
vicious,0,5,0,0,5
victim,0,5,0,0,5
viewpoint,0,5,0,0,5
vigor,0,5,0,0,5
vigorous,0,5,0,0,5
vinegar,0,5,0,0,5
violate,0,5,0,0,5
violence,0,5,0,0,5
violent,0,5,0,0,5
violet,0,5,0,0,5
violin,0,5,0,0,5
virgin,0,5,0,0,5
virtue,0,5,0,0,5
virtuosity,0,5,0,0,5
virus,0,5,0,0,5
visa,0,5,0,0,5
visitor,0,5,0,0,5
vitamin,0,5,0,0,5
vocal,0,5,0,0,5
vocation,0,5,0,0,5
void,0,5,0,0,5
volcano,0,5,0,0,5
volleyball,0,5,0,0,5
volt,0,5,0,0,5
voltage,0,5,0,0,5
voluntary,0,5,0,0,5
volunteer,0,5,0,0,5
vowel,0,5,0,0,5
voyage,0,5,0,0,5
vulgar,0,5,0,0,5
wagon,0,5,0,0,5
waist,0,5,0,0,5
waiter,0,5,0,0,5
waitress,0,5,0,0,5
waken,0,5,0,0,5
wallet,0,5,0,0,5
wander,0,5,0,0,5
ward,0,5,0,0,5
wardrobe,0,5,0,0,5
warehouse,0,5,0,0,5
warfare,0,5,0,0,5
warmth,0,5,0,0,5
warn,0,5,0,0,5
warrant,0,5,0,0,5
waterproof,0,5,0,0,5
watt,0,5,0,0,5
wave,0,5,0,0,5
wax,0,5,0,0,5
weak,0,5,0,0,5
wealth,0,5,0,0,5
weapon,0,5,0,0,5
weary,0,5,0,0,5
weave,0,5,0,0,5
web,0,5,0,0,5
wedding,0,5,0,0,5
wedge,0,5,0,0,5
weed,0,5,0,0,5
weekday,0,5,0,0,5
weekly,0,5,0,0,5
weird,0,5,0,0,5
weld,0,5,0,0,5
welfare,0,5,0,0,5
whale,0,5,0,0,5
whatsoever,0,5,0,0,5
wheat,0,5,0,0,5
whereas,0,5,0,0,5
wherever,0,5,0,0,5
whichever,0,5,0,0,5
whip,0,5,0,0,5
whirl,0,5,0,0,5
whisky,0,5,0,0,5
whisper,0,5,0,0,5
whitewash,0,5,0,0,5
whoever,0,5,0,0,5
wholesome,0,5,0,0,5
wholly,0,5,0,0,5
wicked,0,5,0,0,5
widow,0,5,0,0,5
width,0,5,0,0,5
wine,0,5,0,0,5
wing,0,5,0,0,5
wink,0,5,0,0,5
wipe,0,5,0,0,5
wire,0,5,0,0,5
wisdom,0,5,0,0,5
wise,0,5,0,0,5
wit,0,5,0,0,5
witch,0,5,0,0,5
withdraw,0,5,0,0,5
withhold,0,5,0,0,5
withstand,0,5,0,0,5
wolf,0,5,0,0,5
wood,0,5,0,0,5
wooden,0,5,0,0,5
wool,0,5,0,0,5
workshop,0,5,0,0,5
worldwide,0,5,0,0,5
worm,0,5,0,0,5
worship,0,5,0,0,5
worthwhile,0,5,0,0,5
worthy,0,5,0,0,5
wound,0,5,0,0,5
wrap,0,5,0,0,5
wreath,0,5,0,0,5
wreck,0,5,0,0,5
wrench,0,5,0,0,5
wretched,0,5,0,0,5
wrinkle,0,5,0,0,5
wrist,0,5,0,0,5
xerox,0,5,0,0,5
yawn,0,5,0,0,5
yearly,0,5,0,0,5
yell,0,5,0,0,5
youngster,0,5,0,0,5
youth,0,5,0,0,5
zeal,0,5,0,0,5
zebra,0,5,0,0,5
zigzag,0,5,0,0,5
zinc,0,5,0,0,5
zone,0,5,0,0,5
zoom,0,5,0,0,5
